<?xml version="1.0" encoding="ISO-8859-1"?>
  <Model commandLine="" date="">
    <Option name="use_types" value="#off#"/>
    <Option name="imported_root_package" value="#off#"/>
    <Option name="root_package" value="#off#"/>
    <Option name="xml_basename" value="kcg_xml_filter_out.scade"/>
    <Option name="state_vector" value="#off#"/>
    <Option name="static" value="#off#"/>
    <Option name="separate_io_all" value="#off#"/>
    <Option name="no_separate_io" value="#off#"/>
    <Option name="separate_io" value="#off#"/>
    <Option name="warn_error" value="#off#"/>
    <Option name="short_circuit" value="#off#"/>
    <Option name="wrap_c_ops" value="#off#"/>
    <Option name="input_file" value="C:/DBC/GitHub_Repo/MBSE-ATO-Betuweroute/01_Models/03_SCADE_models/SCADE_Suite/ETCS_OB/Simulation/scade_model_without_unused.scade"/>
    <Option name="probes" value="#on#"/>
    <Option name="no_observe" value="#off#"/>
    <Option name="observe" value="#off#"/>
    <Option name="debug" value="#on#"/>
    <Option name="user_config" value="./user_macros.h"/>
    <Option name="input_threshold" value="#off#"/>
    <Option name="header" value="#off#"/>
    <Option name="significance_length" value="31"/>
    <Option name="name_length" value="200"/>
    <Option name="globals_prefix" value="#off#"/>
    <Option name="keep_asserts" value="#off#"/>
    <Option name="global_root_context" value="#off#"/>
    <Option name="expall" value="#off#"/>
    <Option name="noexp" value="#off#"/>
    <Option name="exp" value="#off#"/>
    <Option name="target_dir" value="C:/DBC/GitHub_Repo/MBSE-ATO-Betuweroute/01_Models/03_SCADE_models/SCADE_Suite/ETCS_OB/Simulation"/>
    <Option name="target" value="C"/>
    <Option name="root" value="SetETCSMode"/>
    <Option name="auth" value="#off#"/>
    <NamedType refType="ETCSHMIPacket" scadeName="ETCSHMIPacket" targetName="ETCSHMIPacket"/>
    <EnumType scadeName="ETCS_HMI_MsgHeaders" targetName="ETCS_HMI_MsgHeaders">
      <EnumVal scadeName="EmptyMsgHeader" targetName="EmptyMsgHeader"/>
      <EnumVal scadeName="Request" targetName="Request"/>
      <EnumVal scadeName="Response" targetName="Response"/>
    </EnumType>
    <EnumType scadeName="ETCS_HMI_Msgs" targetName="ETCS_HMI_Msgs">
      <EnumVal scadeName="Null" targetName="Null"/>
      <EnumVal scadeName="Enter_Train_Data" targetName="Enter_Train_Data"/>
      <EnumVal scadeName="Train_Data_Sent" targetName="Train_Data_Sent"/>
      <EnumVal scadeName="Acknowledge_ETCS_Data" targetName="Acknowledge_ETCS_Data"/>
      <EnumVal scadeName="ETCS_Data_Acknowledged" targetName="ETCS_Data_Acknowledged"/>
      <EnumVal scadeName="Acknowledge_ATO_Data" targetName="Acknowledge_ATO_Data"/>
      <EnumVal scadeName="ATO_Data_Acknowledged" targetName="ATO_Data_Acknowledged"/>
    </EnumType>
    <EnumType scadeName="ETCS_modes" targetName="ETCS_modes">
      <EnumVal scadeName="ETCS_unknownmode" targetName="ETCS_unknownmode"/>
      <EnumVal scadeName="FS" targetName="FS"/>
    </EnumType>
    <EnumType scadeName="ATO_modes" targetName="ATO_modes">
      <EnumVal scadeName="ATO_unknownmode" targetName="ATO_unknownmode"/>
      <EnumVal scadeName="GoA2" targetName="GoA2"/>
      <EnumVal scadeName="GoA4" targetName="GoA4"/>
    </EnumType>
    <RootNode headerFile="SetETCSMode.h" scadeName="SetETCSMode" targetCycleFct="SetETCSMode" targetInitFct="SetETCSMode_reset" targetInitializationFct="SetETCSMode_init">
      <Input inCtx="true" scadeName="Input" scadeType="ETCSHMIPacket" targetName="Input" targetType="ETCSHMIPacket"/>
      <Output inCtx="true" scadeName="ETCSMode" scadeType="ETCS_modes" targetName="ETCSMode" targetType="ETCS_modes"/>
      <Local inCtx="true" scadeName="temp_ETCSMode" scadeType="ETCS_modes" targetName="temp_ETCSMode" targetType="ETCS_modes"/>
      <Local inCtx="true" scadeName="_L1" scadeType="ETCSHMIPacket" targetName="_L1" targetType="ETCSHMIPacket"/>
      <Local inCtx="true" scadeName="_L5" scadeType="ETCS_HMI_MsgHeaders" targetName="_L5" targetType="ETCS_HMI_MsgHeaders"/>
      <Local inCtx="true" scadeName="_L4" scadeType="ETCS_HMI_Msgs" targetName="_L4" targetType="ETCS_HMI_Msgs"/>
      <Local inCtx="true" scadeName="_L3" scadeType="ETCS_modes" targetName="_L3" targetType="ETCS_modes"/>
      <Local inCtx="true" scadeName="_L2" scadeType="ATO_modes" targetName="_L2" targetType="ATO_modes"/>
      <Local inCtx="true" scadeName="_L6" scadeType="ETCS_modes" targetName="_L6" targetType="ETCS_modes"/>
      <Local inCtx="true" scadeName="_L7" scadeType="ETCS_modes" targetName="_L7" targetType="ETCS_modes"/>
      <Local inCtx="true" scadeName="_L12" scadeType="ETCS_modes" targetName="_L12" targetType="ETCS_modes"/>
      <Local inCtx="true" scadeName="_L13" scadeType="ETCS_modes" targetName="_L13" targetType="ETCS_modes"/>
      <Local inCtx="true" scadeName="_L16" scadeType="bool" targetName="_L16" targetType="kcg_bool"/>
      <Local inCtx="true" scadeName="_L15" scadeType="bool" targetName="_L15" targetType="kcg_bool"/>
      <Local inCtx="true" scadeName="_L14" scadeType="bool" targetName="_L14" targetType="kcg_bool"/>
      <Last/>
      <Memory inCtx="true" targetName="temp_ETCSMode" targetType="ETCS_modes"/>
      <OutCtxType targetName="outC_SetETCSMode"/>
      <InCtxType targetName="inC_SetETCSMode"/>
    </RootNode>
    <StructType targetCompFct="kcg_comp_ETCSHMIPacket" targetCopyFct="kcg_copy_ETCSHMIPacket" targetName="ETCSHMIPacket">
      <Field scadeName="Header" scadeType="ETCS_HMI_MsgHeaders" targetName="Header" targetType="ETCS_HMI_MsgHeaders"/>
      <Field scadeName="Message" scadeType="ETCS_HMI_Msgs" targetName="Message" targetType="ETCS_HMI_Msgs"/>
      <Field scadeName="currentETCSmode" scadeType="ETCS_modes" targetName="currentETCSmode" targetType="ETCS_modes"/>
      <Field scadeName="currentATOmode" scadeType="ATO_modes" targetName="currentATOmode" targetType="ATO_modes"/>
    </StructType>
    <PredefType scadeName="int8" targetName="kcg_int8"/>
    <PredefType scadeName="int16" targetName="kcg_int16"/>
    <PredefType scadeName="int32" targetName="kcg_int32"/>
    <PredefType scadeName="int64" targetName="kcg_int64"/>
    <PredefType scadeName="uint8" targetName="kcg_uint8"/>
    <PredefType scadeName="uint16" targetName="kcg_uint16"/>
    <PredefType scadeName="uint32" targetName="kcg_uint32"/>
    <PredefType scadeName="uint64" targetName="kcg_uint64"/>
    <PredefType scadeName="size" targetName="kcg_size"/>
    <PredefType scadeName="float32" targetName="kcg_float32"/>
    <PredefType scadeName="float64" targetName="kcg_float64"/>
    <PredefType scadeName="bool" targetName="kcg_bool"/>
    <PredefType scadeName="char" targetName="kcg_char"/>
  </Model>
