<?xml version="1.0" encoding="ISO-8859-1"?>
<!--$********** SCADE Suite KCG 32-bit 6.6.2 (build i4) **********
** Command: kcg662.exe -config C:/DBC/GitHub_Repo/MBSE-ATO-Betuweroute/01_Models/03_SCADE_models/SCADE_Suite/ETCS_OB/Simulation/config.txt
** Generation date: 2023-10-24T15:53:25
*************************************************************$-->
<mapping>
  <config>
    <option name="use_types" value="#off#"/>
    <option name="imported_root_package" value="#off#"/>
    <option name="root_package" value="#off#"/>
    <option name="xml_basename" value="kcg_xml_filter_out.scade"/>
    <option name="state_vector" value="#off#"/>
    <option name="static" value="#off#"/>
    <option name="separate_io_all" value="#off#"/>
    <option name="no_separate_io" value="#off#"/>
    <option name="separate_io" value="#off#"/>
    <option name="warn_error" value="#off#"/>
    <option name="short_circuit" value="#off#"/>
    <option name="wrap_c_ops" value="#off#"/>
    <option name="input_file"
        value="C:/DBC/GitHub_Repo/MBSE-ATO-Betuweroute/01_Models/03_SCADE_models/SCADE_Suite/ETCS_OB/Simulation/scade_model_without_unused.scade"/>
    <option name="probes" value="#on#"/>
    <option name="no_observe" value="#off#"/>
    <option name="observe" value="#off#"/>
    <option name="debug" value="#on#"/>
    <option name="user_config" value="./user_macros.h"/>
    <option name="input_threshold" value="#off#"/>
    <option name="header" value="#off#"/>
    <option name="significance_length" value="31"/>
    <option name="name_length" value="200"/>
    <option name="globals_prefix" value="#off#"/>
    <option name="keep_asserts" value="#off#"/>
    <option name="global_root_context" value="#off#"/>
    <option name="expall" value="#off#"/>
    <option name="noexp" value="#off#"/>
    <option name="exp" value="#off#"/>
    <option name="target_dir"
        value="C:/DBC/GitHub_Repo/MBSE-ATO-Betuweroute/01_Models/03_SCADE_models/SCADE_Suite/ETCS_OB/Simulation"/>
    <option name="target" value="C"/>
    <option name="root" value="SetETCSMode"/>
    <option name="auth" value="#off#"/>
  </config>
  <model>
    <struct id="1">
      <field id="2" name="Header" type="20"/>
      <field id="3" name="Message" type="24"/>
      <field id="4" name="currentETCSmode" type="32"/>
      <field id="5" name="currentATOmode" type="35"/>
    </struct>
    <predefType id="6" name="bool"/>
    <predefType id="7" name="char"/>
    <predefType id="8" name="int8"/>
    <predefType id="9" name="int16"/>
    <predefType id="10" name="int32"/>
    <predefType id="11" name="int64"/>
    <predefType id="12" name="uint8"/>
    <predefType id="13" name="uint16"/>
    <predefType id="14" name="uint32"/>
    <predefType id="15" name="uint64"/>
    <predefType id="16" name="float32"/>
    <predefType id="17" name="float64"/>
    <predefType id="18" name="size"/>
    <type id="19" name="ETCSHMIPacket" imported="false" type="1"/>
    <enum id="20" name="ETCS_HMI_MsgHeaders">
      <value id="21" name="EmptyMsgHeader" default="false"/>
      <value id="22" name="Request" default="false"/>
      <value id="23" name="Response" default="false"/>
    </enum>
    <enum id="24" name="ETCS_HMI_Msgs">
      <value id="25" name="Null" default="false"/>
      <value id="26" name="Enter_Train_Data" default="false"/>
      <value id="27" name="Train_Data_Sent" default="false"/>
      <value id="28" name="Acknowledge_ETCS_Data" default="false"/>
      <value id="29" name="ETCS_Data_Acknowledged" default="false"/>
      <value id="30" name="Acknowledge_ATO_Data" default="false"/>
      <value id="31" name="ATO_Data_Acknowledged" default="false"/>
    </enum>
    <enum id="32" name="ETCS_modes">
      <value id="33" name="ETCS_unknownmode" default="false"/>
      <value id="34" name="FS" default="false"/>
    </enum>
    <enum id="35" name="ATO_modes">
      <value id="36" name="ATO_unknownmode" default="false"/>
      <value id="37" name="GoA2" default="false"/>
      <value id="38" name="GoA4" default="false"/>
    </enum>
    <operator id="39" name="SetETCSMode" imported="false" root="true" expanded="false">
      <input id="40" name="Input" clock="false" type="19"/>
      <output id="41" name="ETCSMode" clock="false" type="32"/>
      <local id="42" name="temp_ETCSMode" clock="false" type="32"/>
      <local id="43" name="_L1" clock="false" type="19"/>
      <local id="44" name="_L5" clock="false" type="20"/>
      <local id="45" name="_L4" clock="false" type="24"/>
      <local id="46" name="_L3" clock="false" type="32"/>
      <local id="47" name="_L2" clock="false" type="35"/>
      <local id="48" name="_L6" clock="false" type="32"/>
      <local id="49" name="_L7" clock="false" type="32"/>
      <local id="50" name="_L12" clock="false" type="32"/>
      <local id="51" name="_L13" clock="false" type="32"/>
      <local id="52" name="_L16" clock="false" type="6"/>
      <local id="53" name="_L15" clock="false" type="6"/>
      <local id="54" name="_L14" clock="false" type="6"/>
      <last id="55"/>
    </operator>
  </model>
  <generated>
    <c>
      <file id="56" name="SetETCSMode.h">
        <function id="57" name="SetETCSMode_init">
          <parameter id="58" name="outC" type="64" pointer="true"/>
        </function>
        <function id="59" name="SetETCSMode_reset">
          <parameter id="60" name="outC" type="64" pointer="true"/>
        </function>
        <function id="61" name="SetETCSMode">
          <parameter id="62" name="inC" type="79" pointer="true"/>
          <parameter id="63" name="outC" type="64" pointer="true"/>
        </function>
        <struct id="64" name="outC_SetETCSMode">
          <field id="65" name="ETCSMode" type="104" pointer="false"/>
          <field id="66" name="temp_ETCSMode" type="104" pointer="false"/>
          <field id="67" name="_L1" type="87" pointer="false"/>
          <field id="68" name="_L5" type="92" pointer="false"/>
          <field id="69" name="_L4" type="96" pointer="false"/>
          <field id="70" name="_L3" type="104" pointer="false"/>
          <field id="71" name="_L2" type="107" pointer="false"/>
          <field id="72" name="_L6" type="104" pointer="false"/>
          <field id="73" name="_L7" type="104" pointer="false"/>
          <field id="74" name="_L12" type="104" pointer="false"/>
          <field id="75" name="_L13" type="104" pointer="false"/>
          <field id="76" name="_L16" type="145" pointer="false"/>
          <field id="77" name="_L15" type="145" pointer="false"/>
          <field id="78" name="_L14" type="145" pointer="false"/>
        </struct>
        <struct id="79" name="inC_SetETCSMode">
          <field id="80" name="Input" type="87" pointer="false"/>
        </struct>
      </file>
      <file id="81" name="kcg_types.h">
        <ifdef id="82" name="kcg_use_ETCSHMIPacket">
          <function id="83" name="kcg_comp_ETCSHMIPacket" returnType="145">
            <parameter id="84" name="kcg_c1" type="87" pointer="true"/>
            <parameter id="85" name="kcg_c2" type="87" pointer="true"/>
          </function>
        </ifdef>
        <macro id="86" name="kcg_copy_ETCSHMIPacket"/>
        <struct id="87" name="ETCSHMIPacket" tagName="kcg_tag_ETCSHMIPacket">
          <field id="88" name="Header" type="92" pointer="false"/>
          <field id="89" name="Message" type="96" pointer="false"/>
          <field id="90" name="currentETCSmode" type="104" pointer="false"/>
          <field id="91" name="currentATOmode" type="107" pointer="false"/>
        </struct>
        <enum id="92" name="ETCS_HMI_MsgHeaders" tagName="kcg_tag_ETCS_HMI_MsgHeaders">
          <value id="93" name="EmptyMsgHeader"/>
          <value id="94" name="Request"/>
          <value id="95" name="Response"/>
        </enum>
        <enum id="96" name="ETCS_HMI_Msgs" tagName="kcg_tag_ETCS_HMI_Msgs">
          <value id="97" name="Null"/>
          <value id="98" name="Enter_Train_Data"/>
          <value id="99" name="Train_Data_Sent"/>
          <value id="100" name="Acknowledge_ETCS_Data"/>
          <value id="101" name="ETCS_Data_Acknowledged"/>
          <value id="102" name="Acknowledge_ATO_Data"/>
          <value id="103" name="ATO_Data_Acknowledged"/>
        </enum>
        <enum id="104" name="ETCS_modes" tagName="kcg_tag_ETCS_modes">
          <value id="105" name="ETCS_unknownmode"/>
          <value id="106" name="FS"/>
        </enum>
        <enum id="107" name="ATO_modes" tagName="kcg_tag_ATO_modes">
          <value id="108" name="ATO_unknownmode"/>
          <value id="109" name="GoA2"/>
          <value id="110" name="GoA4"/>
        </enum>
        <macro id="111" name="kcg_assign_array"/>
        <macro id="112" name="kcg_assign_struct"/>
        <macro id="113" name="kcg_lnot_uint8"/>
        <macro id="114" name="kcg_lnot_uint16"/>
        <macro id="115" name="kcg_lnot_uint32"/>
        <macro id="116" name="kcg_lnot_uint64"/>
        <macro id="117" name="kcg_lsl_uint8"/>
        <macro id="118" name="kcg_lsl_uint16"/>
        <macro id="119" name="kcg_lsl_uint32"/>
        <macro id="120" name="kcg_lsl_uint64"/>
        <macro id="121" name="kcg_true"/>
        <macro id="122" name="kcg_false"/>
        <macro id="123" name="kcg_lit_int8"/>
        <macro id="124" name="kcg_lit_int16"/>
        <macro id="125" name="kcg_lit_int32"/>
        <macro id="126" name="kcg_lit_int64"/>
        <macro id="127" name="kcg_lit_uint8"/>
        <macro id="128" name="kcg_lit_uint16"/>
        <macro id="129" name="kcg_lit_uint32"/>
        <macro id="130" name="kcg_lit_uint64"/>
        <macro id="131" name="kcg_lit_size"/>
        <macro id="132" name="kcg_lit_float64"/>
        <macro id="133" name="kcg_lit_float32"/>
        <predefType id="134" name="kcg_int8"/>
        <predefType id="135" name="kcg_int16"/>
        <predefType id="136" name="kcg_int32"/>
        <predefType id="137" name="kcg_int64"/>
        <predefType id="138" name="kcg_uint8"/>
        <predefType id="139" name="kcg_uint16"/>
        <predefType id="140" name="kcg_uint32"/>
        <predefType id="141" name="kcg_uint64"/>
        <predefType id="142" name="kcg_size"/>
        <predefType id="143" name="kcg_float64"/>
        <predefType id="144" name="kcg_float32"/>
        <predefType id="145" name="kcg_bool"/>
        <predefType id="146" name="kcg_char"/>
        <macro id="147" name="KCG_MAPW_CPY"/>
      </file>
      <file id="148" name="kcg_consts.h"/>
      <file id="149" name="kcg_sensors.h"/>
    </c>
    <map srcId="143" dstId="132" role="wrapped-lit"/>
    <map srcId="144" dstId="133" role="wrapped-lit"/>
    <map srcId="142" dstId="131" role="wrapped-lit"/>
    <map srcId="141" dstId="130" role="wrapped-lit"/>
    <map srcId="141" dstId="116" role="wrapped-lnot"/>
    <map srcId="141" dstId="120" role="wrapped-lsl"/>
    <map srcId="140" dstId="129" role="wrapped-lit"/>
    <map srcId="140" dstId="115" role="wrapped-lnot"/>
    <map srcId="140" dstId="119" role="wrapped-lsl"/>
    <map srcId="139" dstId="128" role="wrapped-lit"/>
    <map srcId="139" dstId="114" role="wrapped-lnot"/>
    <map srcId="139" dstId="118" role="wrapped-lsl"/>
    <map srcId="138" dstId="127" role="wrapped-lit"/>
    <map srcId="138" dstId="113" role="wrapped-lnot"/>
    <map srcId="138" dstId="117" role="wrapped-lsl"/>
    <map srcId="137" dstId="126" role="wrapped-lit"/>
    <map srcId="136" dstId="125" role="wrapped-lit"/>
    <map srcId="135" dstId="124" role="wrapped-lit"/>
    <map srcId="134" dstId="123" role="wrapped-lit"/>
    <map srcId="87" dstId="82" role="type-use"/>
    <map srcId="87" dstId="83" role="type-comparison"/>
    <map srcId="87" dstId="86" role="type-copy"/>
  </generated>
  <map modelId="38" generatedId="110"/>
  <map modelId="37" generatedId="109"/>
  <map modelId="34" generatedId="106"/>
  <map modelId="31" generatedId="103"/>
  <map modelId="30" generatedId="102"/>
  <map modelId="29" generatedId="101"/>
  <map modelId="28" generatedId="100"/>
  <map modelId="27" generatedId="99"/>
  <map modelId="26" generatedId="98"/>
  <map modelId="23" generatedId="95"/>
  <map modelId="22" generatedId="94"/>
  <map modelId="21" generatedId="93"/>
  <map modelId="25" generatedId="97"/>
  <map modelId="36" generatedId="108"/>
  <map modelId="33" generatedId="105"/>
  <map modelId="39" generatedId="58" role="context-parameter"/>
  <map modelId="39" generatedId="57" role="init-method"/>
  <map modelId="39" generatedId="60" role="context-parameter"/>
  <map modelId="39" generatedId="59" role="reset-method"/>
  <map modelId="39" generatedId="62" role="input-struct-parameter"/>
  <map modelId="40" generatedId="80"/>
  <map modelId="39" generatedId="79" role="input-struct-type"/>
  <map modelId="39" generatedId="63" role="context-parameter"/>
  <map modelId="54" generatedId="78"/>
  <map modelId="53" generatedId="77"/>
  <map modelId="52" generatedId="76"/>
  <map modelId="51" generatedId="75"/>
  <map modelId="50" generatedId="74"/>
  <map modelId="49" generatedId="73"/>
  <map modelId="48" generatedId="72"/>
  <map modelId="47" generatedId="71"/>
  <map modelId="46" generatedId="70"/>
  <map modelId="45" generatedId="69"/>
  <map modelId="44" generatedId="68"/>
  <map modelId="43" generatedId="67"/>
  <map modelId="42" generatedId="66"/>
  <map modelId="55" generatedId="66" role="memory"/>
  <map modelId="41" generatedId="65"/>
  <map modelId="39" generatedId="64" role="context-type"/>
  <map modelId="39" generatedId="56" role="interface-file"/>
  <map modelId="39" generatedId="61" role="cycle-method"/>
  <map modelId="35" generatedId="107"/>
  <map modelId="32" generatedId="104"/>
  <map modelId="24" generatedId="96"/>
  <map modelId="20" generatedId="92"/>
  <map modelId="5" generatedId="91"/>
  <map modelId="4" generatedId="90"/>
  <map modelId="3" generatedId="89"/>
  <map modelId="2" generatedId="88"/>
  <map modelId="19" generatedId="87"/>
  <map modelId="1" generatedId="87"/>
  <map modelId="7" generatedId="146"/>
  <map modelId="6" generatedId="145"/>
  <map modelId="17" generatedId="143"/>
  <map modelId="16" generatedId="144"/>
  <map modelId="18" generatedId="142"/>
  <map modelId="15" generatedId="141"/>
  <map modelId="14" generatedId="140"/>
  <map modelId="13" generatedId="139"/>
  <map modelId="12" generatedId="138"/>
  <map modelId="11" generatedId="137"/>
  <map modelId="10" generatedId="136"/>
  <map modelId="9" generatedId="135"/>
  <map modelId="8" generatedId="134"/>
</mapping>
<!--$********** SCADE Suite KCG 32-bit 6.6.2 (build i4) **********
** mapping.xml
** Generation date: 2023-10-24T15:53:25
*************************************************************$-->