<?xml version="1.0" encoding="ISO-8859-1"?>
  <Model commandLine="" date="">
    <Option name="use_types" value="#off#"/>
    <Option name="imported_root_package" value="#off#"/>
    <Option name="root_package" value="#off#"/>
    <Option name="xml_basename" value="kcg_xml_filter_out.scade"/>
    <Option name="state_vector" value="#off#"/>
    <Option name="static" value="#off#"/>
    <Option name="separate_io_all" value="#off#"/>
    <Option name="no_separate_io" value="#off#"/>
    <Option name="separate_io" value="#off#"/>
    <Option name="warn_error" value="#off#"/>
    <Option name="short_circuit" value="#off#"/>
    <Option name="wrap_c_ops" value="#off#"/>
    <Option name="input_file" value="C:/DBC/GitHub_Repo/MBSE-ATO-Betuweroute/01_Models/03_SCADE_models/SCADE_Suite/Functional_Vehicle_Adapter/Simulation/scade_model_without_unused.scade"/>
    <Option name="probes" value="#on#"/>
    <Option name="no_observe" value="#off#"/>
    <Option name="observe" value="#off#"/>
    <Option name="debug" value="#on#"/>
    <Option name="user_config" value="./user_macros.h"/>
    <Option name="input_threshold" value="#off#"/>
    <Option name="header" value="#off#"/>
    <Option name="significance_length" value="31"/>
    <Option name="name_length" value="200"/>
    <Option name="globals_prefix" value="#off#"/>
    <Option name="keep_asserts" value="#off#"/>
    <Option name="global_root_context" value="#off#"/>
    <Option name="expall" value="#off#"/>
    <Option name="noexp" value="#off#"/>
    <Option name="exp" value="#off#"/>
    <Option name="target_dir" value="C:/DBC/GitHub_Repo/MBSE-ATO-Betuweroute/01_Models/03_SCADE_models/SCADE_Suite/Functional_Vehicle_Adapter/Simulation"/>
    <Option name="target" value="C"/>
    <Option name="root" value="Internal_functions::ExternalStatusIndicator"/>
    <Option name="auth" value="#off#"/>
    <NamedType refType="ExternalindicatorStates" scadeName="ExternalindicatorStates" targetName="ExternalindicatorStates"/>
    <NamedType refType="kcg_bool" scadeName="Override_Switch_State" targetName="Override_Switch_State"/>
    <Package scadeName="Internal_functions">
      <RootNode headerFile="ExternalStatusIndicator_Internal_functions.h" scadeName="ExternalStatusIndicator" targetCycleFct="ExternalStatusIndicator_Internal_functions" targetInitFct="ExternalStatusIndicator_reset_Internal_functions" targetInitializationFct="ExternalStatusIndicator_init_Internal_functions">
        <Input inCtx="true" scadeName="IndicationState_in" scadeType="int8" targetName="IndicationState_in" targetType="kcg_int8"/>
        <Input inCtx="true" scadeName="Overrideswitchstate" scadeType="Override_Switch_State" targetName="Overrideswitchstate" targetType="Override_Switch_State"/>
        <Output inCtx="true" scadeName="ExternalIndicationOut" scadeType="ExternalindicatorStates" targetName="ExternalIndicationOut" targetType="ExternalindicatorStates"/>
        <Local inCtx="true" scadeName="Mem_State" scadeType="int8" targetName="Mem_State" targetType="kcg_int8"/>
        <Local inCtx="true" scadeName="Red_light" scadeType="bool" targetName="Red_light" targetType="kcg_bool"/>
        <Local inCtx="true" scadeName="Green_light" scadeType="bool" targetName="Green_light" targetType="kcg_bool"/>
        <Local inCtx="true" scadeName="local_OverrideState" scadeType="Override_Switch_State" targetName="local_OverrideState" targetType="Override_Switch_State"/>
        <Local inCtx="true" scadeName="_L1" scadeType="int8" targetName="_L1" targetType="kcg_int8"/>
        <Local inCtx="true" scadeName="_L2" scadeType="int8" targetName="_L2" targetType="kcg_int8"/>
        <Local inCtx="true" scadeName="_L3" scadeType="bool" targetName="_L3" targetType="kcg_bool"/>
        <Local inCtx="true" scadeName="_L4" scadeType="bool" targetName="_L4" targetType="kcg_bool"/>
        <Local inCtx="true" scadeName="_L5" scadeType="ExternalindicatorStates" targetName="_L5" targetType="ExternalindicatorStates"/>
        <Local inCtx="true" scadeName="_L6" scadeType="Override_Switch_State" targetName="_L6" targetType="Override_Switch_State"/>
        <ActivateIf scadeName="IfBlock1">
          <Condition inCtx="true" targetName="IfBlock1_clock"/>
          <Else>
            <Condition inCtx="true" targetName="else_clock_IfBlock1"/>
            <Else>
              <Condition inCtx="true" targetName="else_clock_else_IfBlock1"/>
              <Else>
                <Condition inCtx="true" targetName="else_clock_else_else_IfBlock1"/>
                <Else>
                  <Local clockVal="kcg_false" clockVar="else_clock_else_else_IfBlock1" inCtx="true" scadeName="_L2" scadeType="bool" targetName="_L2_else_else_else_else_IfBlock1" targetType="kcg_bool"/>
                </Else>
                <Then>
                  <Local clockVal="kcg_true" clockVar="else_clock_else_else_IfBlock1" inCtx="true" scadeName="_L1" scadeType="bool" targetName="_L1_then_else_else_else_IfBlock1" targetType="kcg_bool"/>
                  <Local clockVal="kcg_true" clockVar="else_clock_else_else_IfBlock1" inCtx="true" scadeName="_L8" scadeType="bool" targetName="_L8_then_else_else_else_IfBlock1" targetType="kcg_bool"/>
                  <Local clockVal="kcg_true" clockVar="else_clock_else_else_IfBlock1" inCtx="true" scadeName="_L7" scadeType="bool" targetName="_L7_then_else_else_else_IfBlock1" targetType="kcg_bool"/>
                  <Local clockVal="kcg_true" clockVar="else_clock_else_else_IfBlock1" inCtx="true" scadeName="_L6" scadeType="bool" targetName="_L6_then_else_else_else_IfBlock1" targetType="kcg_bool"/>
                  <Local clockVal="kcg_true" clockVar="else_clock_else_else_IfBlock1" inCtx="true" scadeName="_L5" scadeType="bool" targetName="_L5_then_else_else_else_IfBlock1" targetType="kcg_bool"/>
                  <Local clockVal="kcg_true" clockVar="else_clock_else_else_IfBlock1" inCtx="true" scadeName="_L9" scadeType="bool" targetName="_L9_then_else_else_else_IfBlock1" targetType="kcg_bool"/>
                  <FbyOp instName="3">
                    <Init inCtx="true" targetName="init" targetType="kcg_bool"/>
                    <Fby inCtx="true" targetName="fby_3" targetType="struct_524"/>
                  </FbyOp>
                </Then>
              </Else>
              <Then>
                <Local clockVal="kcg_true" clockVar="else_clock_else_IfBlock1" inCtx="true" scadeName="_L1" scadeType="bool" targetName="_L1_then_else_else_IfBlock1" targetType="kcg_bool"/>
                <Local clockVal="kcg_true" clockVar="else_clock_else_IfBlock1" inCtx="true" scadeName="_L5" scadeType="bool" targetName="_L5_then_else_else_IfBlock1" targetType="kcg_bool"/>
                <Local clockVal="kcg_true" clockVar="else_clock_else_IfBlock1" inCtx="true" scadeName="_L4" scadeType="bool" targetName="_L4_then_else_else_IfBlock1" targetType="kcg_bool"/>
                <Local clockVal="kcg_true" clockVar="else_clock_else_IfBlock1" inCtx="true" scadeName="_L3" scadeType="bool" targetName="_L3_then_else_else_IfBlock1" targetType="kcg_bool"/>
                <Local clockVal="kcg_true" clockVar="else_clock_else_IfBlock1" inCtx="true" scadeName="_L2" scadeType="bool" targetName="_L2_then_else_else_IfBlock1" targetType="kcg_bool"/>
                <Local clockVal="kcg_true" clockVar="else_clock_else_IfBlock1" inCtx="true" scadeName="_L6" scadeType="bool" targetName="_L6_then_else_else_IfBlock1" targetType="kcg_bool"/>
                <FbyOp instName="1">
                  <Init inCtx="true" targetName="init1" targetType="kcg_bool"/>
                  <Fby inCtx="true" targetName="fby_1" targetType="struct_534"/>
                </FbyOp>
              </Then>
            </Else>
            <Then>
              <Local clockVal="kcg_true" clockVar="else_clock_IfBlock1" inCtx="true" scadeName="_L1" scadeType="bool" targetName="_L1_then_else_IfBlock1" targetType="kcg_bool"/>
              <Local clockVal="kcg_true" clockVar="else_clock_IfBlock1" inCtx="true" scadeName="_L2" scadeType="bool" targetName="_L2_then_else_IfBlock1" targetType="kcg_bool"/>
            </Then>
          </Else>
          <Then>
            <Local clockVal="kcg_true" clockVar="IfBlock1_clock" inCtx="true" scadeName="_L1" scadeType="bool" targetName="_L1_then_IfBlock1" targetType="kcg_bool"/>
          </Then>
        </ActivateIf>
        <Fby inCtx="true" targetName="fby_3" targetType="struct_524"/>
        <Fby inCtx="true" targetName="fby_1" targetType="struct_534"/>
        <Init inCtx="true" targetName="init" targetType="kcg_bool"/>
        <Init inCtx="true" targetName="init1" targetType="kcg_bool"/>
        <Clock clockVal="kcg_false" clockVar="IfBlock1_clock" inCtx="true" targetName="else_clock_IfBlock1" targetType="kcg_bool"/>
        <Clock clockVal="kcg_false" clockVar="else_clock_else_IfBlock1" inCtx="true" targetName="else_clock_else_else_IfBlock1" targetType="kcg_bool"/>
        <Clock clockVal="kcg_false" clockVar="else_clock_IfBlock1" inCtx="true" targetName="else_clock_else_IfBlock1" targetType="kcg_bool"/>
        <Clock inCtx="true" targetName="IfBlock1_clock" targetType="kcg_bool"/>
        <OutCtxType targetName="outC_ExternalStatusIndicator_Internal_functions"/>
        <InCtxType targetName="inC_ExternalStatusIndicator_Internal_functions"/>
      </RootNode>
    </Package>
    <StructType targetCompFct="kcg_comp_ExternalindicatorStates" targetCopyFct="kcg_copy_ExternalindicatorStates" targetName="ExternalindicatorStates">
      <Field scadeName="IndicatorState" scadeType="kcg_int8" targetName="IndicatorState" targetType="kcg_int8"/>
      <Field scadeName="RedLight" scadeType="kcg_bool" targetName="RedLight" targetType="kcg_bool"/>
      <Field scadeName="GreenLight" scadeType="kcg_bool" targetName="GreenLight" targetType="kcg_bool"/>
    </StructType>
    <StructType targetCompFct="kcg_comp_struct_524" targetCopyFct="kcg_copy_struct_524" targetName="struct_524">
      <Field scadeName="idx" scadeType="kcg_size" targetName="idx" targetType="kcg_size"/>
      <Field scadeName="items" scadeType="array_bool_3" targetName="items" targetType="array_bool_3"/>
    </StructType>
    <StructType targetCompFct="kcg_comp_struct_534" targetCopyFct="kcg_copy_struct_534" targetName="struct_534">
      <Field scadeName="idx" scadeType="kcg_size" targetName="idx" targetType="kcg_size"/>
      <Field scadeName="items" scadeType="array_bool_6" targetName="items" targetType="array_bool_6"/>
    </StructType>
    <ArrayType cellType="kcg_bool" size="6" targetCompFct="kcg_comp_array_bool_6" targetCopyFct="kcg_copy_array_bool_6" targetName="array_bool_6"/>
    <ArrayType cellType="kcg_bool" size="3" targetCompFct="kcg_comp_array_bool_3" targetCopyFct="kcg_copy_array_bool_3" targetName="array_bool_3"/>
    <PredefType scadeName="int8" targetName="kcg_int8"/>
    <PredefType scadeName="int16" targetName="kcg_int16"/>
    <PredefType scadeName="int32" targetName="kcg_int32"/>
    <PredefType scadeName="int64" targetName="kcg_int64"/>
    <PredefType scadeName="uint8" targetName="kcg_uint8"/>
    <PredefType scadeName="uint16" targetName="kcg_uint16"/>
    <PredefType scadeName="uint32" targetName="kcg_uint32"/>
    <PredefType scadeName="uint64" targetName="kcg_uint64"/>
    <PredefType scadeName="size" targetName="kcg_size"/>
    <PredefType scadeName="float32" targetName="kcg_float32"/>
    <PredefType scadeName="float64" targetName="kcg_float64"/>
    <PredefType scadeName="bool" targetName="kcg_bool"/>
    <PredefType scadeName="char" targetName="kcg_char"/>
  </Model>
