<?xml version="1.0" encoding="ISO-8859-1"?>
<!--$********** SCADE Suite KCG 32-bit 6.6.2 (build i4) **********
** Command: kcg662.exe -config C:/DBC/GitHub_Repo/MBSE-ATO-Betuweroute/01_Models/03_SCADE_models/SCADE_Suite/Functional_Vehicle_Adapter/Simulation/config.txt
** Generation date: 2023-11-13T15:10:52
*************************************************************$-->
<mapping>
  <config>
    <option name="use_types" value="#off#"/>
    <option name="imported_root_package" value="#off#"/>
    <option name="root_package" value="#off#"/>
    <option name="xml_basename" value="kcg_xml_filter_out.scade"/>
    <option name="state_vector" value="#off#"/>
    <option name="static" value="#off#"/>
    <option name="separate_io_all" value="#off#"/>
    <option name="no_separate_io" value="#off#"/>
    <option name="separate_io" value="#off#"/>
    <option name="warn_error" value="#off#"/>
    <option name="short_circuit" value="#off#"/>
    <option name="wrap_c_ops" value="#off#"/>
    <option name="input_file"
        value="C:/DBC/GitHub_Repo/MBSE-ATO-Betuweroute/01_Models/03_SCADE_models/SCADE_Suite/Functional_Vehicle_Adapter/Simulation/scade_model_without_unused.scade"/>
    <option name="probes" value="#on#"/>
    <option name="no_observe" value="#off#"/>
    <option name="observe" value="#off#"/>
    <option name="debug" value="#on#"/>
    <option name="user_config" value="./user_macros.h"/>
    <option name="input_threshold" value="#off#"/>
    <option name="header" value="#off#"/>
    <option name="significance_length" value="31"/>
    <option name="name_length" value="200"/>
    <option name="globals_prefix" value="#off#"/>
    <option name="keep_asserts" value="#off#"/>
    <option name="global_root_context" value="#off#"/>
    <option name="expall" value="#off#"/>
    <option name="noexp" value="#off#"/>
    <option name="exp" value="#off#"/>
    <option name="target_dir"
        value="C:/DBC/GitHub_Repo/MBSE-ATO-Betuweroute/01_Models/03_SCADE_models/SCADE_Suite/Functional_Vehicle_Adapter/Simulation"/>
    <option name="target" value="C"/>
    <option name="root" value="Internal_functions::ExternalStatusIndicator"/>
    <option name="auth" value="#off#"/>
  </config>
  <model>
    <struct id="1">
      <field id="2" name="IndicatorState" type="7"/>
      <field id="3" name="RedLight" type="5"/>
      <field id="4" name="GreenLight" type="5"/>
    </struct>
    <predefType id="5" name="bool"/>
    <predefType id="6" name="char"/>
    <predefType id="7" name="int8"/>
    <predefType id="8" name="int16"/>
    <predefType id="9" name="int32"/>
    <predefType id="10" name="int64"/>
    <predefType id="11" name="uint8"/>
    <predefType id="12" name="uint16"/>
    <predefType id="13" name="uint32"/>
    <predefType id="14" name="uint64"/>
    <predefType id="15" name="float32"/>
    <predefType id="16" name="float64"/>
    <predefType id="17" name="size"/>
    <type id="18" name="ExternalindicatorStates" imported="false" type="1"/>
    <type id="19" name="Override_Switch_State" imported="false" type="5"/>
    <package id="20" name="Internal_functions">
      <operator id="21" name="ExternalStatusIndicator" imported="false" root="true" expanded="false">
        <input id="22" name="IndicationState_in" clock="false" type="7"/>
        <input id="23" name="Overrideswitchstate" clock="false" type="19"/>
        <output id="24" name="ExternalIndicationOut" clock="false" type="18"/>
        <local id="25" name="Mem_State" clock="false" type="7"/>
        <local id="26" name="Red_light" clock="false" type="5"/>
        <local id="27" name="Green_light" clock="false" type="5"/>
        <local id="28" name="local_OverrideState" clock="false" type="19"/>
        <local id="29" name="_L1" clock="false" type="7"/>
        <local id="30" name="_L2" clock="false" type="7"/>
        <local id="31" name="_L3" clock="false" type="5"/>
        <local id="32" name="_L4" clock="false" type="5"/>
        <local id="33" name="_L5" clock="false" type="18"/>
        <local id="34" name="_L6" clock="false" type="19"/>
        <block id="35" name="IfBlock1" type="5">
          <branch id="36" name="else">
            <branch id="37" name="else">
              <branch id="38" name="else">
                <branch id="39" name="else">
                  <local id="40" name="_L2" clock="false" type="5"/>
                </branch>
                <branch id="41" name="then">
                  <local id="42" name="_L1" clock="false" type="5"/>
                  <local id="43" name="_L8" clock="false" type="5"/>
                  <local id="44" name="_L7" clock="false" type="5"/>
                  <local id="45" name="_L6" clock="false" type="5"/>
                  <local id="46" name="_L5" clock="false" type="5"/>
                  <local id="47" name="_L9" clock="false" type="5"/>
                  <fby id="48" name="3"/>
                </branch>
              </branch>
              <branch id="49" name="then">
                <local id="50" name="_L1" clock="false" type="5"/>
                <local id="51" name="_L5" clock="false" type="5"/>
                <local id="52" name="_L4" clock="false" type="5"/>
                <local id="53" name="_L3" clock="false" type="5"/>
                <local id="54" name="_L2" clock="false" type="5"/>
                <local id="55" name="_L6" clock="false" type="5"/>
                <fby id="56" name="1"/>
              </branch>
            </branch>
            <branch id="57" name="then">
              <local id="58" name="_L1" clock="false" type="5"/>
              <local id="59" name="_L2" clock="false" type="5"/>
            </branch>
          </branch>
          <branch id="60" name="then">
            <local id="61" name="_L1" clock="false" type="5"/>
          </branch>
        </block>
      </operator>
    </package>
  </model>
  <generated>
    <c>
      <file id="62" name="ExternalStatusIndicator_Internal_functions.h">
        <function id="63" name="ExternalStatusIndicator_init_Internal_functions">
          <parameter id="64" name="outC" type="70" pointer="true"/>
        </function>
        <function id="65" name="ExternalStatusIndicator_reset_Internal_functions">
          <parameter id="66" name="outC" type="70" pointer="true"/>
        </function>
        <function id="67" name="ExternalStatusIndicator_Internal_functions">
          <parameter id="68" name="inC" type="106" pointer="true"/>
          <parameter id="69" name="outC" type="70" pointer="true"/>
        </function>
        <struct id="70" name="outC_ExternalStatusIndicator_Internal_functions">
          <field id="71" name="ExternalIndicationOut" type="135" pointer="false"/>
          <field id="72" name="fby_3" type="139" pointer="false"/>
          <field id="73" name="fby_1" type="142" pointer="false"/>
          <field id="74" name="init" type="182" pointer="false"/>
          <field id="75" name="init1" type="182" pointer="false"/>
          <field id="76" name="else_clock_IfBlock1" type="182" pointer="false"/>
          <field id="77" name="else_clock_else_else_IfBlock1" type="182" pointer="false"/>
          <field id="78" name="else_clock_else_IfBlock1" type="182" pointer="false"/>
          <field id="79" name="IfBlock1_clock" type="182" pointer="false"/>
          <field id="80" name="_L1_then_IfBlock1" type="182" pointer="false"/>
          <field id="81" name="_L6_then_else_else_IfBlock1" type="182" pointer="false"/>
          <field id="82" name="_L2_then_else_else_IfBlock1" type="182" pointer="false"/>
          <field id="83" name="_L3_then_else_else_IfBlock1" type="182" pointer="false"/>
          <field id="84" name="_L4_then_else_else_IfBlock1" type="182" pointer="false"/>
          <field id="85" name="_L5_then_else_else_IfBlock1" type="182" pointer="false"/>
          <field id="86" name="_L1_then_else_else_IfBlock1" type="182" pointer="false"/>
          <field id="87" name="_L2_else_else_else_else_IfBlock1" type="182" pointer="false"/>
          <field id="88" name="_L1_then_else_else_else_IfBlock1" type="182" pointer="false"/>
          <field id="89" name="_L8_then_else_else_else_IfBlock1" type="182" pointer="false"/>
          <field id="90" name="_L7_then_else_else_else_IfBlock1" type="182" pointer="false"/>
          <field id="91" name="_L6_then_else_else_else_IfBlock1" type="182" pointer="false"/>
          <field id="92" name="_L5_then_else_else_else_IfBlock1" type="182" pointer="false"/>
          <field id="93" name="_L9_then_else_else_else_IfBlock1" type="182" pointer="false"/>
          <field id="94" name="_L1_then_else_IfBlock1" type="182" pointer="false"/>
          <field id="95" name="_L2_then_else_IfBlock1" type="182" pointer="false"/>
          <field id="96" name="Mem_State" type="171" pointer="false"/>
          <field id="97" name="Red_light" type="182" pointer="false"/>
          <field id="98" name="Green_light" type="182" pointer="false"/>
          <field id="99" name="local_OverrideState" type="147" pointer="false"/>
          <field id="100" name="_L1" type="171" pointer="false"/>
          <field id="101" name="_L2" type="171" pointer="false"/>
          <field id="102" name="_L3" type="182" pointer="false"/>
          <field id="103" name="_L4" type="182" pointer="false"/>
          <field id="104" name="_L5" type="135" pointer="false"/>
          <field id="105" name="_L6" type="147" pointer="false"/>
        </struct>
        <struct id="106" name="inC_ExternalStatusIndicator_Internal_functions">
          <field id="107" name="IndicationState_in" type="171" pointer="false"/>
          <field id="108" name="Overrideswitchstate" type="147" pointer="false"/>
        </struct>
      </file>
      <file id="109" name="kcg_types.h">
        <ifdef id="110" name="kcg_use_array_bool_3">
          <function id="111" name="kcg_comp_array_bool_3" returnType="182">
            <parameter id="128" name="kcg_c1" type="146" pointer="true"/>
            <parameter id="129" name="kcg_c2" type="146" pointer="true"/>
          </function>
        </ifdef>
        <ifdef id="114" name="kcg_use_array_bool_6">
          <function id="115" name="kcg_comp_array_bool_6" returnType="182">
            <parameter id="128" name="kcg_c1" type="145" pointer="true"/>
            <parameter id="129" name="kcg_c2" type="145" pointer="true"/>
          </function>
        </ifdef>
        <ifdef id="118" name="kcg_use_ExternalindicatorStates">
          <function id="119" name="kcg_comp_ExternalindicatorStates" returnType="182">
            <parameter id="128" name="kcg_c1" type="135" pointer="true"/>
            <parameter id="129" name="kcg_c2" type="135" pointer="true"/>
          </function>
        </ifdef>
        <ifdef id="122" name="kcg_use_struct_534">
          <function id="123" name="kcg_comp_struct_534" returnType="182">
            <parameter id="128" name="kcg_c1" type="142" pointer="true"/>
            <parameter id="129" name="kcg_c2" type="142" pointer="true"/>
          </function>
        </ifdef>
        <ifdef id="126" name="kcg_use_struct_524">
          <function id="127" name="kcg_comp_struct_524" returnType="182">
            <parameter id="128" name="kcg_c1" type="139" pointer="true"/>
            <parameter id="129" name="kcg_c2" type="139" pointer="true"/>
          </function>
        </ifdef>
        <macro id="130" name="kcg_copy_array_bool_3"/>
        <macro id="131" name="kcg_copy_array_bool_6"/>
        <macro id="132" name="kcg_copy_ExternalindicatorStates"/>
        <macro id="133" name="kcg_copy_struct_534"/>
        <macro id="134" name="kcg_copy_struct_524"/>
        <struct id="135" name="ExternalindicatorStates" tagName="kcg_tag_ExternalindicatorStates">
          <field id="136" name="IndicatorState" type="171" pointer="false"/>
          <field id="137" name="RedLight" type="182" pointer="false"/>
          <field id="138" name="GreenLight" type="182" pointer="false"/>
        </struct>
        <struct id="139" name="struct_524" tagName="kcg_tag_struct_524">
          <field id="140" name="idx" type="179" pointer="false"/>
          <field id="141" name="items" type="146" pointer="false"/>
        </struct>
        <struct id="142" name="struct_534" tagName="kcg_tag_struct_534">
          <field id="143" name="idx" type="179" pointer="false"/>
          <field id="144" name="items" type="145" pointer="false"/>
        </struct>
        <array id="145" name="array_bool_6" baseType="182" size="6"/>
        <array id="146" name="array_bool_3" baseType="182" size="3"/>
        <typedef id="147" name="Override_Switch_State" aliasType="182"/>
        <macro id="148" name="kcg_assign_array"/>
        <macro id="149" name="kcg_assign_struct"/>
        <macro id="150" name="kcg_lnot_uint8"/>
        <macro id="151" name="kcg_lnot_uint16"/>
        <macro id="152" name="kcg_lnot_uint32"/>
        <macro id="153" name="kcg_lnot_uint64"/>
        <macro id="154" name="kcg_lsl_uint8"/>
        <macro id="155" name="kcg_lsl_uint16"/>
        <macro id="156" name="kcg_lsl_uint32"/>
        <macro id="157" name="kcg_lsl_uint64"/>
        <macro id="158" name="kcg_true"/>
        <macro id="159" name="kcg_false"/>
        <macro id="160" name="kcg_lit_int8"/>
        <macro id="161" name="kcg_lit_int16"/>
        <macro id="162" name="kcg_lit_int32"/>
        <macro id="163" name="kcg_lit_int64"/>
        <macro id="164" name="kcg_lit_uint8"/>
        <macro id="165" name="kcg_lit_uint16"/>
        <macro id="166" name="kcg_lit_uint32"/>
        <macro id="167" name="kcg_lit_uint64"/>
        <macro id="168" name="kcg_lit_size"/>
        <macro id="169" name="kcg_lit_float64"/>
        <macro id="170" name="kcg_lit_float32"/>
        <predefType id="171" name="kcg_int8"/>
        <predefType id="172" name="kcg_int16"/>
        <predefType id="173" name="kcg_int32"/>
        <predefType id="174" name="kcg_int64"/>
        <predefType id="175" name="kcg_uint8"/>
        <predefType id="176" name="kcg_uint16"/>
        <predefType id="177" name="kcg_uint32"/>
        <predefType id="178" name="kcg_uint64"/>
        <predefType id="179" name="kcg_size"/>
        <predefType id="180" name="kcg_float64"/>
        <predefType id="181" name="kcg_float32"/>
        <predefType id="182" name="kcg_bool"/>
        <predefType id="183" name="kcg_char"/>
        <macro id="184" name="KCG_MAPW_CPY"/>
      </file>
      <file id="185" name="kcg_consts.h"/>
      <file id="186" name="kcg_sensors.h"/>
    </c>
    <map srcId="180" dstId="169" role="wrapped-lit"/>
    <map srcId="181" dstId="170" role="wrapped-lit"/>
    <map srcId="179" dstId="168" role="wrapped-lit"/>
    <map srcId="178" dstId="167" role="wrapped-lit"/>
    <map srcId="178" dstId="153" role="wrapped-lnot"/>
    <map srcId="178" dstId="157" role="wrapped-lsl"/>
    <map srcId="177" dstId="166" role="wrapped-lit"/>
    <map srcId="177" dstId="152" role="wrapped-lnot"/>
    <map srcId="177" dstId="156" role="wrapped-lsl"/>
    <map srcId="176" dstId="165" role="wrapped-lit"/>
    <map srcId="176" dstId="151" role="wrapped-lnot"/>
    <map srcId="176" dstId="155" role="wrapped-lsl"/>
    <map srcId="175" dstId="164" role="wrapped-lit"/>
    <map srcId="175" dstId="150" role="wrapped-lnot"/>
    <map srcId="175" dstId="154" role="wrapped-lsl"/>
    <map srcId="174" dstId="163" role="wrapped-lit"/>
    <map srcId="173" dstId="162" role="wrapped-lit"/>
    <map srcId="172" dstId="161" role="wrapped-lit"/>
    <map srcId="171" dstId="160" role="wrapped-lit"/>
    <map srcId="146" dstId="110" role="type-use"/>
    <map srcId="146" dstId="111" role="type-comparison"/>
    <map srcId="146" dstId="130" role="type-copy"/>
    <map srcId="135" dstId="118" role="type-use"/>
    <map srcId="135" dstId="119" role="type-comparison"/>
    <map srcId="135" dstId="132" role="type-copy"/>
    <map srcId="142" dstId="122" role="type-use"/>
    <map srcId="142" dstId="123" role="type-comparison"/>
    <map srcId="142" dstId="133" role="type-copy"/>
    <map srcId="145" dstId="114" role="type-use"/>
    <map srcId="145" dstId="115" role="type-comparison"/>
    <map srcId="145" dstId="131" role="type-copy"/>
    <map srcId="139" dstId="126" role="type-use"/>
    <map srcId="139" dstId="127" role="type-comparison"/>
    <map srcId="139" dstId="134" role="type-copy"/>
    <map srcId="95" dstId="76" role="clock"/>
    <map srcId="95" dstId="158" role="clock-value"/>
    <map srcId="94" dstId="76" role="clock"/>
    <map srcId="94" dstId="158" role="clock-value"/>
    <map srcId="93" dstId="77" role="clock"/>
    <map srcId="93" dstId="158" role="clock-value"/>
    <map srcId="92" dstId="77" role="clock"/>
    <map srcId="92" dstId="158" role="clock-value"/>
    <map srcId="91" dstId="77" role="clock"/>
    <map srcId="91" dstId="158" role="clock-value"/>
    <map srcId="90" dstId="77" role="clock"/>
    <map srcId="90" dstId="158" role="clock-value"/>
    <map srcId="89" dstId="77" role="clock"/>
    <map srcId="89" dstId="158" role="clock-value"/>
    <map srcId="88" dstId="77" role="clock"/>
    <map srcId="88" dstId="158" role="clock-value"/>
    <map srcId="87" dstId="77" role="clock"/>
    <map srcId="87" dstId="159" role="clock-value"/>
    <map srcId="86" dstId="78" role="clock"/>
    <map srcId="86" dstId="158" role="clock-value"/>
    <map srcId="85" dstId="78" role="clock"/>
    <map srcId="85" dstId="158" role="clock-value"/>
    <map srcId="84" dstId="78" role="clock"/>
    <map srcId="84" dstId="158" role="clock-value"/>
    <map srcId="83" dstId="78" role="clock"/>
    <map srcId="83" dstId="158" role="clock-value"/>
    <map srcId="82" dstId="78" role="clock"/>
    <map srcId="82" dstId="158" role="clock-value"/>
    <map srcId="81" dstId="78" role="clock"/>
    <map srcId="81" dstId="158" role="clock-value"/>
    <map srcId="80" dstId="79" role="clock"/>
    <map srcId="80" dstId="158" role="clock-value"/>
    <map srcId="78" dstId="76" role="clock"/>
    <map srcId="78" dstId="159" role="clock-value"/>
    <map srcId="77" dstId="78" role="clock"/>
    <map srcId="77" dstId="159" role="clock-value"/>
    <map srcId="76" dstId="79" role="clock"/>
    <map srcId="76" dstId="159" role="clock-value"/>
  </generated>
  <map modelId="21" generatedId="64" role="context-parameter"/>
  <map modelId="21" generatedId="63" role="init-method"/>
  <map modelId="21" generatedId="66" role="context-parameter"/>
  <map modelId="21" generatedId="65" role="reset-method"/>
  <map modelId="21" generatedId="68" role="input-struct-parameter"/>
  <map modelId="23" generatedId="108"/>
  <map modelId="22" generatedId="107"/>
  <map modelId="21" generatedId="106" role="input-struct-type"/>
  <map modelId="21" generatedId="69" role="context-parameter"/>
  <map modelId="34" generatedId="105"/>
  <map modelId="33" generatedId="104"/>
  <map modelId="32" generatedId="103"/>
  <map modelId="31" generatedId="102"/>
  <map modelId="30" generatedId="101"/>
  <map modelId="29" generatedId="100"/>
  <map modelId="28" generatedId="99"/>
  <map modelId="27" generatedId="98"/>
  <map modelId="26" generatedId="97"/>
  <map modelId="25" generatedId="96"/>
  <map modelId="59" generatedId="95"/>
  <map modelId="58" generatedId="94"/>
  <map modelId="47" generatedId="93"/>
  <map modelId="46" generatedId="92"/>
  <map modelId="45" generatedId="91"/>
  <map modelId="44" generatedId="90"/>
  <map modelId="43" generatedId="89"/>
  <map modelId="42" generatedId="88"/>
  <map modelId="40" generatedId="87"/>
  <map modelId="50" generatedId="86"/>
  <map modelId="51" generatedId="85"/>
  <map modelId="52" generatedId="84"/>
  <map modelId="53" generatedId="83"/>
  <map modelId="54" generatedId="82"/>
  <map modelId="55" generatedId="81"/>
  <map modelId="61" generatedId="80"/>
  <map modelId="35" generatedId="79" role="condition"/>
  <map modelId="37" generatedId="78" role="condition"/>
  <map modelId="38" generatedId="77" role="condition"/>
  <map modelId="36" generatedId="76" role="condition"/>
  <map modelId="56" generatedId="75" role="init"/>
  <map modelId="48" generatedId="74" role="init"/>
  <map modelId="56" generatedId="73" role="memory"/>
  <map modelId="48" generatedId="72" role="memory"/>
  <map modelId="24" generatedId="71"/>
  <map modelId="21" generatedId="70" role="context-type"/>
  <map modelId="21" generatedId="62" role="interface-file"/>
  <map modelId="21" generatedId="67" role="cycle-method"/>
  <map modelId="19" generatedId="147"/>
  <map modelId="4" generatedId="138"/>
  <map modelId="3" generatedId="137"/>
  <map modelId="2" generatedId="136"/>
  <map modelId="18" generatedId="135"/>
  <map modelId="1" generatedId="135"/>
  <map modelId="6" generatedId="183"/>
  <map modelId="5" generatedId="182"/>
  <map modelId="16" generatedId="180"/>
  <map modelId="15" generatedId="181"/>
  <map modelId="17" generatedId="179"/>
  <map modelId="14" generatedId="178"/>
  <map modelId="13" generatedId="177"/>
  <map modelId="12" generatedId="176"/>
  <map modelId="11" generatedId="175"/>
  <map modelId="10" generatedId="174"/>
  <map modelId="9" generatedId="173"/>
  <map modelId="8" generatedId="172"/>
  <map modelId="7" generatedId="171"/>
</mapping>
<!--$********** SCADE Suite KCG 32-bit 6.6.2 (build i4) **********
** mapping.xml
** Generation date: 2023-11-13T15:10:52
*************************************************************$-->