<?xml version="1.0" encoding="ISO-8859-1"?>
  <Model commandLine="" date="">
    <Option name="use_types" value="#off#"/>
    <Option name="imported_root_package" value="#off#"/>
    <Option name="root_package" value="#off#"/>
    <Option name="xml_basename" value="kcg_xml_filter_out.scade"/>
    <Option name="state_vector" value="#off#"/>
    <Option name="static" value="#off#"/>
    <Option name="separate_io_all" value="#off#"/>
    <Option name="no_separate_io" value="#off#"/>
    <Option name="separate_io" value="#off#"/>
    <Option name="warn_error" value="#off#"/>
    <Option name="short_circuit" value="#off#"/>
    <Option name="wrap_c_ops" value="#off#"/>
    <Option name="input_file" value="C:/DBC/GitHub_Repo/MBSE-ATO-Betuweroute/01_Models/03_SCADE_models/SCADE_Suite/ATO_TS/Simulation/scade_model_without_unused.scade"/>
    <Option name="probes" value="#on#"/>
    <Option name="no_observe" value="#off#"/>
    <Option name="observe" value="#off#"/>
    <Option name="debug" value="#on#"/>
    <Option name="user_config" value="./user_macros.h"/>
    <Option name="input_threshold" value="#off#"/>
    <Option name="header" value="#off#"/>
    <Option name="significance_length" value="31"/>
    <Option name="name_length" value="200"/>
    <Option name="globals_prefix" value="#off#"/>
    <Option name="keep_asserts" value="#off#"/>
    <Option name="global_root_context" value="#off#"/>
    <Option name="expall" value="#off#"/>
    <Option name="noexp" value="#off#"/>
    <Option name="exp" value="#off#"/>
    <Option name="target_dir" value="C:/DBC/GitHub_Repo/MBSE-ATO-Betuweroute/01_Models/03_SCADE_models/SCADE_Suite/ATO_TS/Simulation"/>
    <Option name="target" value="C"/>
    <Option name="root" value="ATO_TS"/>
    <Option name="auth" value="#off#"/>
    <NamedType refType="ATO_Packet" scadeName="ATO_Packet" targetName="ATO_Packet"/>
    <RootNode headerFile="ATO_TS.h" scadeName="ATO_TS" targetCycleFct="ATO_TS" targetInitFct="ATO_TS_reset" targetInitializationFct="ATO_TS_init">
      <Input inCtx="true" scadeName="from_RM_ss126" scadeType="ATO_Packet" targetName="from_RM_ss126" targetType="ATO_Packet"/>
      <Output inCtx="true" scadeName="to_RM_ss126" scadeType="ATO_Packet" targetName="to_RM_ss126" targetType="ATO_Packet"/>
      <Local inCtx="true" scadeName="_L3" scadeType="ATO_Packet" targetName="_L3" targetType="ATO_Packet"/>
      <Local inCtx="true" scadeName="_L4" scadeType="ATO_Packet" targetName="_L4" targetType="ATO_Packet"/>
      <Local inCtx="true" scadeName="_L6" scadeType="int8" targetName="_L6" targetType="kcg_int8"/>
      <Local inCtx="true" scadeName="_L5" scadeType="bool" targetName="_L5" targetType="kcg_bool"/>
      <Local inCtx="true" scadeName="_L7" scadeType="bool" targetName="_L7" targetType="kcg_bool"/>
      <Local inCtx="true" scadeName="_L8" scadeType="int8" targetName="_L8" targetType="kcg_int8"/>
      <Local inCtx="true" scadeName="_L10" scadeType="bool" targetName="_L10" targetType="kcg_bool"/>
      <Local inCtx="true" scadeName="_L11" scadeType="bool" targetName="_L11" targetType="kcg_bool"/>
      <Local inCtx="true" scadeName="_L12" scadeType="bool" targetName="_L12" targetType="kcg_bool"/>
      <Local inCtx="true" scadeName="_L13" scadeType="bool" targetName="_L13" targetType="kcg_bool"/>
      <Local inCtx="true" scadeName="_L15" scadeType="int8" targetName="_L15" targetType="kcg_int8"/>
      <OutCtxType targetName="outC_ATO_TS"/>
      <InCtxType targetName="inC_ATO_TS"/>
    </RootNode>
    <StructType targetCompFct="kcg_comp_ATO_Packet" targetCopyFct="kcg_copy_ATO_Packet" targetName="ATO_Packet">
      <Field scadeName="Header" scadeType="kcg_int8" targetName="Header" targetType="kcg_int8"/>
      <Field scadeName="Value" scadeType="kcg_bool" targetName="Value" targetType="kcg_bool"/>
    </StructType>
    <PredefType scadeName="int8" targetName="kcg_int8"/>
    <PredefType scadeName="int16" targetName="kcg_int16"/>
    <PredefType scadeName="int32" targetName="kcg_int32"/>
    <PredefType scadeName="int64" targetName="kcg_int64"/>
    <PredefType scadeName="uint8" targetName="kcg_uint8"/>
    <PredefType scadeName="uint16" targetName="kcg_uint16"/>
    <PredefType scadeName="uint32" targetName="kcg_uint32"/>
    <PredefType scadeName="uint64" targetName="kcg_uint64"/>
    <PredefType scadeName="size" targetName="kcg_size"/>
    <PredefType scadeName="float32" targetName="kcg_float32"/>
    <PredefType scadeName="float64" targetName="kcg_float64"/>
    <PredefType scadeName="bool" targetName="kcg_bool"/>
    <PredefType scadeName="char" targetName="kcg_char"/>
  </Model>
