<?xml version="1.0" encoding="ISO-8859-1"?>
<!--$********** SCADE Suite KCG 32-bit 6.6.2 (build i4) **********
** Command: kcg662.exe -config C:/DBC/GitHub_Repo/MBSE-ATO-Betuweroute/01_Models/03_SCADE_models/SCADE_Suite/ATO_TS/Simulation/config.txt
** Generation date: 2023-11-13T17:08:59
*************************************************************$-->
<mapping>
  <config>
    <option name="use_types" value="#off#"/>
    <option name="imported_root_package" value="#off#"/>
    <option name="root_package" value="#off#"/>
    <option name="xml_basename" value="kcg_xml_filter_out.scade"/>
    <option name="state_vector" value="#off#"/>
    <option name="static" value="#off#"/>
    <option name="separate_io_all" value="#off#"/>
    <option name="no_separate_io" value="#off#"/>
    <option name="separate_io" value="#off#"/>
    <option name="warn_error" value="#off#"/>
    <option name="short_circuit" value="#off#"/>
    <option name="wrap_c_ops" value="#off#"/>
    <option name="input_file"
        value="C:/DBC/GitHub_Repo/MBSE-ATO-Betuweroute/01_Models/03_SCADE_models/SCADE_Suite/ATO_TS/Simulation/scade_model_without_unused.scade"/>
    <option name="probes" value="#on#"/>
    <option name="no_observe" value="#off#"/>
    <option name="observe" value="#off#"/>
    <option name="debug" value="#on#"/>
    <option name="user_config" value="./user_macros.h"/>
    <option name="input_threshold" value="#off#"/>
    <option name="header" value="#off#"/>
    <option name="significance_length" value="31"/>
    <option name="name_length" value="200"/>
    <option name="globals_prefix" value="#off#"/>
    <option name="keep_asserts" value="#off#"/>
    <option name="global_root_context" value="#off#"/>
    <option name="expall" value="#off#"/>
    <option name="noexp" value="#off#"/>
    <option name="exp" value="#off#"/>
    <option name="target_dir"
        value="C:/DBC/GitHub_Repo/MBSE-ATO-Betuweroute/01_Models/03_SCADE_models/SCADE_Suite/ATO_TS/Simulation"/>
    <option name="target" value="C"/>
    <option name="root" value="ATO_TS"/>
    <option name="auth" value="#off#"/>
  </config>
  <model>
    <struct id="1">
      <field id="2" name="Header" type="6"/>
      <field id="3" name="Value" type="4"/>
    </struct>
    <predefType id="4" name="bool"/>
    <predefType id="5" name="char"/>
    <predefType id="6" name="int8"/>
    <predefType id="7" name="int16"/>
    <predefType id="8" name="int32"/>
    <predefType id="9" name="int64"/>
    <predefType id="10" name="uint8"/>
    <predefType id="11" name="uint16"/>
    <predefType id="12" name="uint32"/>
    <predefType id="13" name="uint64"/>
    <predefType id="14" name="float32"/>
    <predefType id="15" name="float64"/>
    <predefType id="16" name="size"/>
    <type id="17" name="ATO_Packet" imported="false" type="1"/>
    <operator id="18" name="ATO_TS" imported="false" root="true" expanded="false">
      <input id="19" name="from_RM_ss126" clock="false" type="17"/>
      <output id="20" name="to_RM_ss126" clock="false" type="17"/>
      <local id="21" name="_L3" clock="false" type="17"/>
      <local id="22" name="_L4" clock="false" type="17"/>
      <local id="23" name="_L6" clock="false" type="6"/>
      <local id="24" name="_L5" clock="false" type="4"/>
      <local id="25" name="_L7" clock="false" type="4"/>
      <local id="26" name="_L8" clock="false" type="6"/>
      <local id="27" name="_L10" clock="false" type="4"/>
      <local id="28" name="_L11" clock="false" type="4"/>
      <local id="29" name="_L12" clock="false" type="4"/>
      <local id="30" name="_L13" clock="false" type="4"/>
      <local id="31" name="_L15" clock="false" type="6"/>
    </operator>
  </model>
  <generated>
    <c>
      <file id="32" name="ATO_TS.h">
        <function id="33" name="ATO_TS_init">
          <parameter id="34" name="outC" type="40" pointer="true"/>
        </function>
        <function id="35" name="ATO_TS_reset">
          <parameter id="36" name="outC" type="40" pointer="true"/>
        </function>
        <function id="37" name="ATO_TS">
          <parameter id="38" name="inC" type="53" pointer="true"/>
          <parameter id="39" name="outC" type="40" pointer="true"/>
        </function>
        <struct id="40" name="outC_ATO_TS">
          <field id="41" name="to_RM_ss126" type="61" pointer="false"/>
          <field id="42" name="_L3" type="61" pointer="false"/>
          <field id="43" name="_L4" type="61" pointer="false"/>
          <field id="44" name="_L6" type="87" pointer="false"/>
          <field id="45" name="_L5" type="98" pointer="false"/>
          <field id="46" name="_L7" type="98" pointer="false"/>
          <field id="47" name="_L8" type="87" pointer="false"/>
          <field id="48" name="_L10" type="98" pointer="false"/>
          <field id="49" name="_L11" type="98" pointer="false"/>
          <field id="50" name="_L12" type="98" pointer="false"/>
          <field id="51" name="_L13" type="98" pointer="false"/>
          <field id="52" name="_L15" type="87" pointer="false"/>
        </struct>
        <struct id="53" name="inC_ATO_TS">
          <field id="54" name="from_RM_ss126" type="61" pointer="false"/>
        </struct>
      </file>
      <file id="55" name="kcg_types.h">
        <ifdef id="56" name="kcg_use_ATO_Packet">
          <function id="57" name="kcg_comp_ATO_Packet" returnType="98">
            <parameter id="58" name="kcg_c1" type="61" pointer="true"/>
            <parameter id="59" name="kcg_c2" type="61" pointer="true"/>
          </function>
        </ifdef>
        <macro id="60" name="kcg_copy_ATO_Packet"/>
        <struct id="61" name="ATO_Packet" tagName="kcg_tag_ATO_Packet">
          <field id="62" name="Header" type="87" pointer="false"/>
          <field id="63" name="Value" type="98" pointer="false"/>
        </struct>
        <macro id="64" name="kcg_assign_array"/>
        <macro id="65" name="kcg_assign_struct"/>
        <macro id="66" name="kcg_lnot_uint8"/>
        <macro id="67" name="kcg_lnot_uint16"/>
        <macro id="68" name="kcg_lnot_uint32"/>
        <macro id="69" name="kcg_lnot_uint64"/>
        <macro id="70" name="kcg_lsl_uint8"/>
        <macro id="71" name="kcg_lsl_uint16"/>
        <macro id="72" name="kcg_lsl_uint32"/>
        <macro id="73" name="kcg_lsl_uint64"/>
        <macro id="74" name="kcg_true"/>
        <macro id="75" name="kcg_false"/>
        <macro id="76" name="kcg_lit_int8"/>
        <macro id="77" name="kcg_lit_int16"/>
        <macro id="78" name="kcg_lit_int32"/>
        <macro id="79" name="kcg_lit_int64"/>
        <macro id="80" name="kcg_lit_uint8"/>
        <macro id="81" name="kcg_lit_uint16"/>
        <macro id="82" name="kcg_lit_uint32"/>
        <macro id="83" name="kcg_lit_uint64"/>
        <macro id="84" name="kcg_lit_size"/>
        <macro id="85" name="kcg_lit_float64"/>
        <macro id="86" name="kcg_lit_float32"/>
        <predefType id="87" name="kcg_int8"/>
        <predefType id="88" name="kcg_int16"/>
        <predefType id="89" name="kcg_int32"/>
        <predefType id="90" name="kcg_int64"/>
        <predefType id="91" name="kcg_uint8"/>
        <predefType id="92" name="kcg_uint16"/>
        <predefType id="93" name="kcg_uint32"/>
        <predefType id="94" name="kcg_uint64"/>
        <predefType id="95" name="kcg_size"/>
        <predefType id="96" name="kcg_float64"/>
        <predefType id="97" name="kcg_float32"/>
        <predefType id="98" name="kcg_bool"/>
        <predefType id="99" name="kcg_char"/>
        <macro id="100" name="KCG_MAPW_CPY"/>
      </file>
      <file id="101" name="kcg_consts.h"/>
      <file id="102" name="kcg_sensors.h"/>
    </c>
    <map srcId="96" dstId="85" role="wrapped-lit"/>
    <map srcId="97" dstId="86" role="wrapped-lit"/>
    <map srcId="95" dstId="84" role="wrapped-lit"/>
    <map srcId="94" dstId="83" role="wrapped-lit"/>
    <map srcId="94" dstId="69" role="wrapped-lnot"/>
    <map srcId="94" dstId="73" role="wrapped-lsl"/>
    <map srcId="93" dstId="82" role="wrapped-lit"/>
    <map srcId="93" dstId="68" role="wrapped-lnot"/>
    <map srcId="93" dstId="72" role="wrapped-lsl"/>
    <map srcId="92" dstId="81" role="wrapped-lit"/>
    <map srcId="92" dstId="67" role="wrapped-lnot"/>
    <map srcId="92" dstId="71" role="wrapped-lsl"/>
    <map srcId="91" dstId="80" role="wrapped-lit"/>
    <map srcId="91" dstId="66" role="wrapped-lnot"/>
    <map srcId="91" dstId="70" role="wrapped-lsl"/>
    <map srcId="90" dstId="79" role="wrapped-lit"/>
    <map srcId="89" dstId="78" role="wrapped-lit"/>
    <map srcId="88" dstId="77" role="wrapped-lit"/>
    <map srcId="87" dstId="76" role="wrapped-lit"/>
    <map srcId="61" dstId="56" role="type-use"/>
    <map srcId="61" dstId="57" role="type-comparison"/>
    <map srcId="61" dstId="60" role="type-copy"/>
  </generated>
  <map modelId="18" generatedId="34" role="context-parameter"/>
  <map modelId="18" generatedId="33" role="init-method"/>
  <map modelId="18" generatedId="36" role="context-parameter"/>
  <map modelId="18" generatedId="35" role="reset-method"/>
  <map modelId="18" generatedId="38" role="input-struct-parameter"/>
  <map modelId="19" generatedId="54"/>
  <map modelId="18" generatedId="53" role="input-struct-type"/>
  <map modelId="18" generatedId="39" role="context-parameter"/>
  <map modelId="31" generatedId="52"/>
  <map modelId="30" generatedId="51"/>
  <map modelId="29" generatedId="50"/>
  <map modelId="28" generatedId="49"/>
  <map modelId="27" generatedId="48"/>
  <map modelId="26" generatedId="47"/>
  <map modelId="25" generatedId="46"/>
  <map modelId="24" generatedId="45"/>
  <map modelId="23" generatedId="44"/>
  <map modelId="22" generatedId="43"/>
  <map modelId="21" generatedId="42"/>
  <map modelId="20" generatedId="41"/>
  <map modelId="18" generatedId="40" role="context-type"/>
  <map modelId="18" generatedId="32" role="interface-file"/>
  <map modelId="18" generatedId="37" role="cycle-method"/>
  <map modelId="3" generatedId="63"/>
  <map modelId="2" generatedId="62"/>
  <map modelId="17" generatedId="61"/>
  <map modelId="1" generatedId="61"/>
  <map modelId="5" generatedId="99"/>
  <map modelId="4" generatedId="98"/>
  <map modelId="15" generatedId="96"/>
  <map modelId="14" generatedId="97"/>
  <map modelId="16" generatedId="95"/>
  <map modelId="13" generatedId="94"/>
  <map modelId="12" generatedId="93"/>
  <map modelId="11" generatedId="92"/>
  <map modelId="10" generatedId="91"/>
  <map modelId="9" generatedId="90"/>
  <map modelId="8" generatedId="89"/>
  <map modelId="7" generatedId="88"/>
  <map modelId="6" generatedId="87"/>
</mapping>
<!--$********** SCADE Suite KCG 32-bit 6.6.2 (build i4) **********
** mapping.xml
** Generation date: 2023-11-13T17:08:59
*************************************************************$-->