<?xml version="1.0" encoding="ISO-8859-1"?>
  <Model commandLine="" date="">
    <Option name="use_types" value="#off#"/>
    <Option name="imported_root_package" value="#off#"/>
    <Option name="root_package" value="#off#"/>
    <Option name="xml_basename" value="kcg_xml_filter_out.scade"/>
    <Option name="state_vector" value="#off#"/>
    <Option name="static" value="#off#"/>
    <Option name="separate_io_all" value="#off#"/>
    <Option name="no_separate_io" value="#off#"/>
    <Option name="separate_io" value="#off#"/>
    <Option name="warn_error" value="#off#"/>
    <Option name="short_circuit" value="#off#"/>
    <Option name="wrap_c_ops" value="#off#"/>
    <Option name="input_file" value="C:/DBC/GitHub_Repo/MBSE-ATO-Betuweroute/01_Models/03_SCADE_models/SCADE_Suite/Physical_Train_model/Simulation/scade_model_without_unused.scade"/>
    <Option name="probes" value="#on#"/>
    <Option name="no_observe" value="#off#"/>
    <Option name="observe" value="#off#"/>
    <Option name="debug" value="#on#"/>
    <Option name="user_config" value="./user_macros.h"/>
    <Option name="input_threshold" value="#off#"/>
    <Option name="header" value="#off#"/>
    <Option name="significance_length" value="31"/>
    <Option name="name_length" value="200"/>
    <Option name="globals_prefix" value="#off#"/>
    <Option name="keep_asserts" value="#off#"/>
    <Option name="global_root_context" value="#off#"/>
    <Option name="expall" value="#off#"/>
    <Option name="noexp" value="#off#"/>
    <Option name="exp" value="#off#"/>
    <Option name="target_dir" value="C:/DBC/GitHub_Repo/MBSE-ATO-Betuweroute/01_Models/03_SCADE_models/SCADE_Suite/Physical_Train_model/Simulation"/>
    <Option name="target" value="C"/>
    <Option name="root" value="Train_with_TandB_Lever"/>
    <Option name="auth" value="#off#"/>
    <Constant macroDef="true" scadeName="TCYCLE" scadeType="float32" targetName="TCYCLE" targetType="kcg_float32"/>
    <Constant macroDef="true" scadeName="mps2kmph" scadeType="float32" targetName="mps2kmph" targetType="kcg_float32"/>
    <Constant macroDef="true" scadeName="MASS" scadeType="int32" targetName="MASS" targetType="kcg_int32"/>
    <Constant macroDef="true" scadeName="M_C" scadeType="int32" targetName="M_C" targetType="kcg_int32"/>
    <Constant macroDef="true" scadeName="N_C" scadeType="int32" targetName="N_C" targetType="kcg_int32"/>
    <Constant macroDef="true" scadeName="M_L" scadeType="int32" targetName="M_L" targetType="kcg_int32"/>
    <Constant macroDef="true" scadeName="N_L" scadeType="int32" targetName="N_L" targetType="kcg_int32"/>
    <Constant macroDef="true" scadeName="C_d" scadeType="float32" targetName="C_d" targetType="kcg_float32"/>
    <Constant macroDef="true" scadeName="rho" scadeType="float32" targetName="rho" targetType="kcg_float32"/>
    <Constant macroDef="true" scadeName="A" scadeType="float32" targetName="A" targetType="kcg_float32"/>
    <Constant macroDef="true" scadeName="g" scadeType="float32" targetName="g" targetType="kcg_float32"/>
    <Constant macroDef="true" scadeName="Theta" scadeType="float32" targetName="Theta" targetType="kcg_float32"/>
    <Constant macroDef="true" scadeName="Mue_k" scadeType="float32" targetName="Mue_k" targetType="kcg_float32"/>
    <Constant macroDef="true" scadeName="kmph2mps" scadeType="float32" targetName="kmph2mps" targetType="kcg_float32"/>
    <Constant macroDef="true" scadeName="Mue_S" scadeType="float32" targetName="Mue_S" targetType="kcg_float32"/>
    <Constant macroDef="true" scadeName="BWP" scadeType="float32" targetName="BWP" targetType="kcg_float32"/>
    <Constant macroDef="true" scadeName="force_gradient" scadeType="float32" targetName="force_gradient" targetType="kcg_float32"/>
    <Constant macroDef="true" scadeName="Max_Traction_and_Braking" scadeType="float32" targetName="Max_Traction_and_Braking" targetType="kcg_float32"/>
    <Constant macroDef="true" scadeName="Default_trainbrake" scadeType="float32" targetName="Default_trainbrake" targetType="kcg_float32"/>
    <NamedType refType="LCF_Data" scadeName="LCF_Data" targetName="LCF_Data"/>
    <RootNode headerFile="Train_with_TandB_Lever.h" scadeName="Train_with_TandB_Lever" targetCycleFct="Train_with_TandB_Lever" targetInitFct="Train_with_TandB_Lever_reset" targetInitializationFct="Train_with_TandB_Lever_init">
      <Input inCtx="true" scadeName="T_B_LeverInput" scadeType="int8" targetName="T_B_LeverInput" targetType="kcg_int8"/>
      <Input inCtx="true" scadeName="HoldingBrakeSwitch" scadeType="bool" targetName="HoldingBrakeSwitch" targetType="kcg_bool"/>
      <Input inCtx="true" scadeName="TrainBrakeLeverInput" scadeType="int8" targetName="TrainBrakeLeverInput" targetType="kcg_int8"/>
      <Output inCtx="true" scadeName="Distance_Covered" scadeType="int16" targetName="Distance_Covered" targetType="kcg_int16"/>
      <Output inCtx="true" scadeName="Current_TrainSpeed" scadeType="int16" targetName="Current_TrainSpeed" targetType="kcg_int16"/>
      <Output inCtx="true" scadeName="CurrentTrainAcceleration" scadeType="float32" targetName="CurrentTrainAcceleration" targetType="kcg_float32"/>
      <Local inCtx="true" scadeName="_L4" scadeType="float32" targetName="_L4" targetType="kcg_float32"/>
      <Local inCtx="true" scadeName="_L3" scadeType="LCF_Data" targetName="_L3" targetType="LCF_Data"/>
      <Local inCtx="true" scadeName="_L2" scadeType="float32" targetName="_L2" targetType="kcg_float32"/>
      <Local inCtx="true" scadeName="_L1" scadeType="float32" targetName="_L1" targetType="kcg_float32"/>
      <Local inCtx="true" scadeName="_L6" scadeType="float32" targetName="_L6" targetType="kcg_float32"/>
      <Local inCtx="true" scadeName="_L5" scadeType="float32" targetName="_L5" targetType="kcg_float32"/>
      <Local inCtx="true" scadeName="_L7" scadeType="int8" targetName="_L7" targetType="kcg_int8"/>
      <Local inCtx="true" scadeName="_L8" scadeType="bool" targetName="_L8" targetType="kcg_bool"/>
      <Local inCtx="true" scadeName="_L10" scadeType="int8" targetName="_L10" targetType="kcg_int8"/>
      <Local inCtx="true" scadeName="_L11" scadeType="bool" targetName="_L11" targetType="kcg_bool"/>
      <Local inCtx="true" scadeName="_L12" scadeType="float32" targetName="_L12" targetType="kcg_float32"/>
      <Local inCtx="true" scadeName="_L13" scadeType="float32" targetName="_L13" targetType="kcg_float32"/>
      <Local inCtx="true" scadeName="_L14" scadeType="float32" targetName="_L14" targetType="kcg_float32"/>
      <Local inCtx="true" scadeName="_L15" scadeType="float32" targetName="_L15" targetType="kcg_float32"/>
      <Local inCtx="true" scadeName="_L17" scadeType="int16" targetName="_L17" targetType="kcg_int16"/>
      <Local inCtx="true" scadeName="_L18" scadeType="int16" targetName="_L18" targetType="kcg_int16"/>
      <Local inCtx="true" scadeName="_L20" scadeType="float32" targetName="_L20" targetType="kcg_float32"/>
      <Local inCtx="true" scadeName="_L24" scadeType="float32" targetName="_L24" targetType="kcg_float32"/>
      <Local inCtx="true" scadeName="_L25" scadeType="float32" targetName="_L25" targetType="kcg_float32"/>
      <NodeInstance instName="1" refName="Train" scadeName="Train">
        <OutCtxVar targetName="Context_Train_1"/>
      </NodeInstance>
      <NodeInstance instName="1" refName="T_B_Lever_Math_Operators" scadeName="Math_Operators::T_B_Lever">
        <OutCtxVar targetName="Context_T_B_Lever_1"/>
      </NodeInstance>
      <OutCtxType targetName="outC_Train_with_TandB_Lever"/>
      <InCtxType targetName="inC_Train_with_TandB_Lever"/>
    </RootNode>
    <NoExpNode headerFile="Train.h" scadeName="Train" targetCycleFct="Train" targetInitFct="Train_reset" targetInitializationFct="Train_init">
      <Input scadeName="Traction_Force" scadeType="float32" targetName="Traction_Force" targetType="kcg_float32"/>
      <Input scadeName="Dynamic_Braking_Force" scadeType="float32" targetName="Dynamic_Braking_Force" targetType="kcg_float32"/>
      <Input scadeName="Holdingbrakestatus" scadeType="bool" targetName="Holdingbrakestatus" targetType="kcg_bool"/>
      <Input scadeName="pneumaticbrakepressure" scadeType="float32" targetName="pneumaticbrakepressure" targetType="kcg_float32"/>
      <Output inCtx="true" scadeName="Train_Speed" scadeType="float32" targetName="Train_Speed" targetType="kcg_float32"/>
      <Output inCtx="true" scadeName="Train_acceleration" scadeType="float32" targetName="Train_acceleration" targetType="kcg_float32"/>
      <Output inCtx="true" scadeName="LCF_Values" scadeType="LCF_Data" targetName="LCF_Values" targetType="LCF_Data"/>
      <Output inCtx="true" scadeName="Distance_Travelled_by_Train" scadeType="float32" targetName="Distance_Travelled_by_Train" targetType="kcg_float32"/>
      <Local inCtx="true" scadeName="_L34" scadeType="float32" targetName="_L34" targetType="kcg_float32"/>
      <Local inCtx="true" scadeName="_L35" scadeType="float32" targetName="_L35" targetType="kcg_float32"/>
      <Local inCtx="true" scadeName="_L2" scadeType="float32" targetName="_L2" targetType="kcg_float32"/>
      <Local inCtx="true" scadeName="_L1" scadeType="float32" targetName="_L1" targetType="kcg_float32"/>
      <Local inCtx="true" scadeName="_L60" scadeType="float32" targetName="_L60" targetType="kcg_float32"/>
      <Local inCtx="true" scadeName="_L59" scadeType="float32" targetName="_L59" targetType="kcg_float32"/>
      <Local inCtx="true" scadeName="_L62" scadeType="float32^(5)" targetName="_L62" targetType="array_float32_5"/>
      <Local inCtx="true" scadeName="_L64" scadeType="float32" targetName="_L64" targetType="kcg_float32"/>
      <Local inCtx="true" scadeName="_L65" scadeType="float32" targetName="_L65" targetType="kcg_float32"/>
      <Local inCtx="true" scadeName="_L67" scadeType="float32" targetName="_L67" targetType="kcg_float32"/>
      <Local inCtx="true" scadeName="_L66" scadeType="float32" targetName="_L66" targetType="kcg_float32"/>
      <Local inCtx="true" scadeName="_L69" scadeType="bool" targetName="_L69" targetType="kcg_bool"/>
      <Local inCtx="true" scadeName="_L70" scadeType="float32" targetName="_L70" targetType="kcg_float32"/>
      <Local inCtx="true" scadeName="_L71" scadeType="float32" targetName="_L71" targetType="kcg_float32"/>
      <Local inCtx="true" scadeName="_L72" scadeType="LCF_Data" targetName="_L72" targetType="LCF_Data"/>
      <NodeInstance instName="1" refName="Train_dynamics" scadeName="Train_dynamics">
        <OutCtxVar targetName="Context_Train_dynamics_1"/>
      </NodeInstance>
      <PreOp instName="2"/>
      <InitOp instName="2"/>
      <NodeInstance refName="TrainConfiguration_And_LCF" scadeName="TrainConfiguration_And_LCF">
        <OutCtxVar targetName="Context_TrainConfiguration_And_LCF"/>
      </NodeInstance>
      <PreOp instName="3"/>
      <InitOp instName="3"/>
      <Init inCtx="true" targetName="init" targetType="kcg_bool"/>
      <Memory inCtx="true" targetName="_L34" targetType="kcg_float32"/>
      <Memory inCtx="true" targetName="_L35" targetType="kcg_float32"/>
      <OutCtxType targetName="outC_Train"/>
    </NoExpNode>
    <NoExpNode headerFile="Train_dynamics.h" scadeName="Train_dynamics" targetCycleFct="Train_dynamics" targetInitFct="Train_dynamics_reset" targetInitializationFct="Train_dynamics_init">
      <Input scadeName="total_traction_force" scadeType="float32" targetName="total_traction_force" targetType="kcg_float32"/>
      <Input scadeName="total_braking_force" scadeType="float32" targetName="total_braking_force" targetType="kcg_float32"/>
      <Output inCtx="true" scadeName="train_speed" scadeType="float32" targetName="train_speed" targetType="kcg_float32"/>
      <Output inCtx="true" scadeName="Distance_Travelled" scadeType="float32" targetName="Distance_Travelled" targetType="kcg_float32"/>
      <Output inCtx="true" scadeName="train_acceleration" scadeType="float32" targetName="train_acceleration" targetType="kcg_float32"/>
      <Local inCtx="true" scadeName="_L1" scadeType="float32" targetName="_L1" targetType="kcg_float32"/>
      <Local inCtx="true" scadeName="_L2" scadeType="float32" targetName="_L2" targetType="kcg_float32"/>
      <Local inCtx="true" scadeName="_L3" scadeType="float32" targetName="_L3" targetType="kcg_float32"/>
      <Local inCtx="true" scadeName="_L4" scadeType="float32" targetName="_L4" targetType="kcg_float32"/>
      <Local inCtx="true" scadeName="_L5" scadeType="float32" targetName="_L5" targetType="kcg_float32"/>
      <Local inCtx="true" scadeName="_L6" scadeType="float32" targetName="_L6" targetType="kcg_float32"/>
      <Local inCtx="true" scadeName="_L7" scadeType="float32" targetName="_L7" targetType="kcg_float32"/>
      <Local inCtx="true" scadeName="_L8" scadeType="float32" targetName="_L8" targetType="kcg_float32"/>
      <Local inCtx="true" scadeName="_L10" scadeType="float32" targetName="_L10" targetType="kcg_float32"/>
      <Local inCtx="true" scadeName="_L15" scadeType="float32" targetName="_L15" targetType="kcg_float32"/>
      <Local inCtx="true" scadeName="_L24" scadeType="float32" targetName="_L24" targetType="kcg_float32"/>
      <Local inCtx="true" scadeName="_L25" scadeType="int32" targetName="_L25" targetType="kcg_int32"/>
      <Local inCtx="true" scadeName="_L29" scadeType="float32" targetName="_L29" targetType="kcg_float32"/>
      <Local inCtx="true" scadeName="_L28" scadeType="float32" targetName="_L28" targetType="kcg_float32"/>
      <Local inCtx="true" scadeName="_L30" scadeType="float32" targetName="_L30" targetType="kcg_float32"/>
      <Local inCtx="true" scadeName="_L31" scadeType="float32" targetName="_L31" targetType="kcg_float32"/>
      <Local inCtx="true" scadeName="_L32" scadeType="float32" targetName="_L32" targetType="kcg_float32"/>
      <InitOp instName="1"/>
      <PreOp instName="1"/>
      <NodeInlining instName="3" scadeName="math::NumericToFloat32">
        <Input inCtx="true" scadeName="Input1" scadeType="int32" targetName="Input1_NumericToFloat32_3_int32" targetType="kcg_int32"/>
        <Output inCtx="true" scadeName="Output1" scadeType="float32" targetName="Output1_NumericToFloat32_3_int32" targetType="kcg_float32"/>
        <Local inCtx="true" scadeName="_L1" scadeType="int32" targetName="_L1_NumericToFloat32_3_int32" targetType="kcg_int32"/>
        <Local inCtx="true" scadeName="_L2" scadeType="float32" targetName="_L2_NumericToFloat32_3_int32" targetType="kcg_float32"/>
      </NodeInlining>
      <NodeInstance instName="1" refName="negativespeed_Math_Operators" scadeName="Math_Operators::negativespeed">
        <OutCtxVar targetName="Context_negativespeed_1"/>
      </NodeInstance>
      <NodeInstance instName="1" refName="Resistance_force_External_forces" scadeName="External_forces::Resistance_force">
        <OutCtxVar targetName="Context_Resistance_force_1"/>
      </NodeInstance>
      <NodeInstance instName="1" refName="Distance_Calculation" scadeName="Distance_Calculation">
        <OutCtxVar targetName="Context_Distance_Calculation_1"/>
      </NodeInstance>
      <Init inCtx="true" targetName="init" targetType="kcg_bool"/>
      <Memory inCtx="true" targetName="_L29" targetType="kcg_float32"/>
      <OutCtxType targetName="outC_Train_dynamics"/>
    </NoExpNode>
    <NoExpNode headerFile="Distance_Calculation.h" scadeName="Distance_Calculation" targetCycleFct="Distance_Calculation" targetInitFct="Distance_Calculation_reset" targetInitializationFct="Distance_Calculation_init">
      <Input scadeName="Speed" scadeType="float32" targetName="Speed" targetType="kcg_float32"/>
      <Output inCtx="true" scadeName="Distance_travelled" scadeType="float32" targetName="Distance_travelled" targetType="kcg_float32"/>
      <Local inCtx="true" scadeName="_L6" scadeType="float32" targetName="_L6" targetType="kcg_float32"/>
      <Local inCtx="true" scadeName="_L10" scadeType="float32" targetName="_L10" targetType="kcg_float32"/>
      <Local inCtx="true" scadeName="_L11" scadeType="float32" targetName="_L11" targetType="kcg_float32"/>
      <Local inCtx="true" scadeName="_L12" scadeType="float32" targetName="_L12" targetType="kcg_float32"/>
      <Local inCtx="true" scadeName="_L13" scadeType="float32" targetName="_L13" targetType="kcg_float32"/>
      <Local inCtx="true" scadeName="_L14" scadeType="float32" targetName="_L14" targetType="kcg_float32"/>
      <Local inCtx="true" scadeName="_L15" scadeType="float32" targetName="_L15" targetType="kcg_float32"/>
      <PreOp instName="1"/>
      <InitOp instName="1"/>
      <Init inCtx="true" targetName="init" targetType="kcg_bool"/>
      <Memory inCtx="true" targetName="_L6" targetType="kcg_float32"/>
      <OutCtxType targetName="outC_Distance_Calculation"/>
    </NoExpNode>
    <NoExpNode headerFile="TrainConfiguration_And_LCF.h" scadeName="TrainConfiguration_And_LCF" targetCycleFct="TrainConfiguration_And_LCF" targetInitFct="TrainConfiguration_And_LCF_reset" targetInitializationFct="TrainConfiguration_And_LCF_init">
      <Input scadeName="Unit_Speed" scadeType="float32" targetName="Unit_Speed" targetType="kcg_float32"/>
      <Input scadeName="Unit_traction_force" scadeType="float32" targetName="Unit_traction_force" targetType="kcg_float32"/>
      <Input scadeName="Unit_braking_force" scadeType="float32" targetName="Unit_braking_force" targetType="kcg_float32"/>
      <Input scadeName="holdingbrakestatus" scadeType="bool" targetName="holdingbrakestatus" targetType="kcg_bool"/>
      <Input scadeName="BrakelinePressure" scadeType="float32" targetName="BrakelinePressure" targetType="kcg_float32"/>
      <Input scadeName="Unit_Acceleration" scadeType="float32" targetName="Unit_Acceleration" targetType="kcg_float32"/>
      <Output inCtx="true" scadeName="LCF_Array" scadeType="float32^(5)" targetName="LCF_Array" targetType="array_float32_5"/>
      <Output inCtx="true" scadeName="Total_Tractionforce" scadeType="float32" targetName="Total_Tractionforce" targetType="kcg_float32"/>
      <Output inCtx="true" scadeName="Total_Brakingforce" scadeType="float32" targetName="Total_Brakingforce" targetType="kcg_float32"/>
      <Local inCtx="true" scadeName="_L4" scadeType="float32" targetName="_L4" targetType="kcg_float32"/>
      <Local inCtx="true" scadeName="_L3" scadeType="float32" targetName="_L3" targetType="kcg_float32"/>
      <Local inCtx="true" scadeName="_L2" scadeType="float32" targetName="_L2" targetType="kcg_float32"/>
      <Local inCtx="true" scadeName="_L1" scadeType="float32" targetName="_L1" targetType="kcg_float32"/>
      <Local inCtx="true" scadeName="_L5" scadeType="float32^(5)" targetName="_L5" targetType="array_float32_5"/>
      <Local inCtx="true" scadeName="_L12" scadeType="float32^(5)" targetName="_L12" targetType="array_float32_5"/>
      <Local inCtx="true" scadeName="_L13" scadeType="float32^(5)" targetName="_L13" targetType="array_float32_5"/>
      <Local inCtx="true" scadeName="_L14" scadeType="float32^(5)" targetName="_L14" targetType="array_float32_5"/>
      <Local inCtx="true" scadeName="_L15" scadeType="float32" targetName="_L15" targetType="kcg_float32"/>
      <Local inCtx="true" scadeName="_L16" scadeType="float32^(5)" targetName="_L16" targetType="array_float32_5"/>
      <Local inCtx="true" scadeName="_L21" scadeType="int32^(5)" targetName="_L21" targetType="array_int32_5"/>
      <Local inCtx="true" scadeName="_L20" scadeType="float32^(5)" targetName="_L20" targetType="array_float32_5"/>
      <Local inCtx="true" scadeName="_L19" scadeType="float32^(5)" targetName="_L19" targetType="array_float32_5"/>
      <Local inCtx="true" scadeName="_L18" scadeType="float32^(5)" targetName="_L18" targetType="array_float32_5"/>
      <Local inCtx="true" scadeName="_L17" scadeType="float32^(5)" targetName="_L17" targetType="array_float32_5"/>
      <Local inCtx="true" scadeName="_L23" scadeType="float32" targetName="_L23" targetType="kcg_float32"/>
      <Local inCtx="true" scadeName="_L22" scadeType="float32" targetName="_L22" targetType="kcg_float32"/>
      <Local inCtx="true" scadeName="_L26" scadeType="float32" targetName="_L26" targetType="kcg_float32"/>
      <Local inCtx="true" scadeName="_L27" scadeType="bool" targetName="_L27" targetType="kcg_bool"/>
      <Local inCtx="true" scadeName="_L28" scadeType="float32^(5)" targetName="_L28" targetType="array_float32_5"/>
      <Local inCtx="true" scadeName="_L29" scadeType="bool^(5)" targetName="_L29" targetType="array_bool_5"/>
      <Local inCtx="true" scadeName="_L30" scadeType="float32^(5)" targetName="_L30" targetType="array_float32_5"/>
      <Local inCtx="true" scadeName="_L31" scadeType="float32^(5)" targetName="_L31" targetType="array_float32_5"/>
      <Iterator instName="1" iteratorKind="map" scadeSize="5" targetSize="5">
        <NodeInstance instName="1" refName="LCF_Calculation_Math_Operators" scadeName="Math_Operators::LCF_Calculation">
          <OutCtxVar targetName="Context_LCF_Calculation_1"/>
        </NodeInstance>
      </Iterator>
      <PreOp instName="1"/>
      <InitOp instName="1"/>
      <NodeInstance instName="1" refName="Shift_Array_Math_Operators" scadeName="Math_Operators::Shift_Array">
        <OutCtxVar targetName="Context_Shift_Array_1"/>
      </NodeInstance>
      <NodeInstance instName="1" refName="TrainConfiguration0_Math_Operators" scadeName="Math_Operators::TrainConfiguration0">
        <OutCtxVar targetName="Context_TrainConfiguration0_1"/>
      </NodeInstance>
      <NodeInstance instName="1" refName="Sum_of_Forces_Math_Operators" scadeName="Math_Operators::Sum_of_Forces">
        <OutCtxVar targetName="Context_Sum_of_Forces_1"/>
      </NodeInstance>
      <Init inCtx="true" targetName="init" targetType="kcg_bool"/>
      <Memory inCtx="true" targetName="_L5" targetType="array_float32_5"/>
      <OutCtxType targetName="outC_TrainConfiguration_And_LCF"/>
    </NoExpNode>
    <Package scadeName="math">
      <ExpNode scadeName="NumericToFloat32"/>
    </Package>
    <Package scadeName="Math_Operators">
      <NoExpNode headerFile="negativespeed_Math_Operators.h" scadeName="negativespeed" targetCycleFct="negativespeed_Math_Operators" targetInitFct="negativespeed_reset_Math_Operators" targetInitializationFct="negativespeed_init_Math_Operators">
        <Input scadeName="acceleration" scadeType="float32" targetName="acceleration" targetType="kcg_float32"/>
        <Input scadeName="speed" scadeType="float32" targetName="speed" targetType="kcg_float32"/>
        <Output inCtx="true" scadeName="oacceleration" scadeType="float32" targetName="oacceleration" targetType="kcg_float32"/>
        <Output inCtx="true" scadeName="ospeed" scadeType="float32" targetName="ospeed" targetType="kcg_float32"/>
        <Local inCtx="true" scadeName="_L1" scadeType="float32" targetName="_L1" targetType="kcg_float32"/>
        <Local inCtx="true" scadeName="_L2" scadeType="float32" targetName="_L2" targetType="kcg_float32"/>
        <Local inCtx="true" scadeName="_L4" scadeType="float32" targetName="_L4" targetType="kcg_float32"/>
        <Local inCtx="true" scadeName="_L6" scadeType="bool" targetName="_L6" targetType="kcg_bool"/>
        <Local inCtx="true" scadeName="_L7" scadeType="float32" targetName="_L7" targetType="kcg_float32"/>
        <Local inCtx="true" scadeName="_L8" scadeType="float32" targetName="_L8" targetType="kcg_float32"/>
        <Local inCtx="true" scadeName="_L9" scadeType="float32" targetName="_L9" targetType="kcg_float32"/>
        <Local inCtx="true" scadeName="_L10" scadeType="float32" targetName="_L10" targetType="kcg_float32"/>
        <Local inCtx="true" scadeName="_L11" scadeType="bool" targetName="_L11" targetType="kcg_bool"/>
        <Local inCtx="true" scadeName="_L12" scadeType="bool" targetName="_L12" targetType="kcg_bool"/>
        <OutCtxType targetName="outC_negativespeed_Math_Operators"/>
      </NoExpNode>
      <NoExpNode headerFile="LCF_Calculation_Math_Operators.h" scadeName="LCF_Calculation" targetCycleFct="LCF_Calculation_Math_Operators" targetInitFct="LCF_Calculation_reset_Math_Operators" targetInitializationFct="LCF_Calculation_init_Math_Operators">
        <Input scadeName="Unit_Traction" scadeType="float32" targetName="Unit_Traction" targetType="kcg_float32"/>
        <Input scadeName="Unit_dynbrakingforce" scadeType="float32" targetName="Unit_dynbrakingforce" targetType="kcg_float32"/>
        <Input scadeName="unit_speed" scadeType="float32" targetName="unit_speed" targetType="kcg_float32"/>
        <Input scadeName="unit_acceleration" scadeType="float32" targetName="unit_acceleration" targetType="kcg_float32"/>
        <Input scadeName="Unit_Mass" scadeType="int32" targetName="Unit_Mass" targetType="kcg_int32"/>
        <Input scadeName="Unit_brakelinepressure" scadeType="float32" targetName="Unit_brakelinepressure" targetType="kcg_float32"/>
        <Input scadeName="Unit_holdingbrakestatus" scadeType="bool" targetName="Unit_holdingbrakestatus" targetType="kcg_bool"/>
        <Input scadeName="R_Coupling_force" scadeType="float32" targetName="R_Coupling_force" targetType="kcg_float32"/>
        <Output inCtx="true" scadeName="unit_traction" scadeType="float32" targetName="unit_traction" targetType="kcg_float32"/>
        <Output inCtx="true" scadeName="unittotalbraking" scadeType="float32" targetName="unittotalbraking" targetType="kcg_float32"/>
        <Output inCtx="true" scadeName="L_Couplingforce" scadeType="float32" targetName="L_Couplingforce" targetType="kcg_float32"/>
        <Local inCtx="true" scadeName="_L1" scadeType="float32" targetName="_L1" targetType="kcg_float32"/>
        <Local inCtx="true" scadeName="_L2" scadeType="float32" targetName="_L2" targetType="kcg_float32"/>
        <Local inCtx="true" scadeName="_L3" scadeType="float32" targetName="_L3" targetType="kcg_float32"/>
        <Local inCtx="true" scadeName="_L4" scadeType="float32" targetName="_L4" targetType="kcg_float32"/>
        <Local inCtx="true" scadeName="_L5" scadeType="float32" targetName="_L5" targetType="kcg_float32"/>
        <Local inCtx="true" scadeName="_L6" scadeType="float32" targetName="_L6" targetType="kcg_float32"/>
        <Local inCtx="true" scadeName="_L7" scadeType="float32" targetName="_L7" targetType="kcg_float32"/>
        <Local inCtx="true" scadeName="_L8" scadeType="float32" targetName="_L8" targetType="kcg_float32"/>
        <Local inCtx="true" scadeName="_L10" scadeType="float32" targetName="_L10" targetType="kcg_float32"/>
        <Local inCtx="true" scadeName="_L11" scadeType="float32" targetName="_L11" targetType="kcg_float32"/>
        <Local inCtx="true" scadeName="_L12" scadeType="int32" targetName="_L12" targetType="kcg_int32"/>
        <Local inCtx="true" scadeName="_L13" scadeType="float32" targetName="_L13" targetType="kcg_float32"/>
        <Local inCtx="true" scadeName="_L14" scadeType="float32" targetName="_L14" targetType="kcg_float32"/>
        <Local inCtx="true" scadeName="_L15" scadeType="float32" targetName="_L15" targetType="kcg_float32"/>
        <Local inCtx="true" scadeName="_L16" scadeType="float32" targetName="_L16" targetType="kcg_float32"/>
        <Local inCtx="true" scadeName="_L17" scadeType="float32" targetName="_L17" targetType="kcg_float32"/>
        <Local inCtx="true" scadeName="_L24" scadeType="float32" targetName="_L24" targetType="kcg_float32"/>
        <Local inCtx="true" scadeName="_L25" scadeType="bool" targetName="_L25" targetType="kcg_bool"/>
        <Local inCtx="true" scadeName="_L26" scadeType="float32" targetName="_L26" targetType="kcg_float32"/>
        <Local inCtx="true" scadeName="_L27" scadeType="int32" targetName="_L27" targetType="kcg_int32"/>
        <Local inCtx="true" scadeName="_L28" scadeType="float32" targetName="_L28" targetType="kcg_float32"/>
        <NodeInstance instName="1" refName="Resistance_force_External_forces" scadeName="External_forces::Resistance_force">
          <OutCtxVar targetName="Context_Resistance_force_1"/>
        </NodeInstance>
        <NodeInstance instName="1" refName="negativespeedcorrection_Math_Operators" scadeName="Math_Operators::negativespeedcorrection">
          <OutCtxVar targetName="Context_negativespeedcorrection_1"/>
        </NodeInstance>
        <NodeInstance instName="1" refName="Holding_brake_Brakes" scadeName="Brakes::Holding_brake">
          <OutCtxVar targetName="Context_Holding_brake_1"/>
        </NodeInstance>
        <NodeInstance instName="1" refName="Pneumaticbrakes_Brakes" scadeName="Brakes::Pneumaticbrakes">
          <OutCtxVar targetName="Context_Pneumaticbrakes_1"/>
        </NodeInstance>
        <NodeInlining instName="1" scadeName="math::NumericToFloat32">
          <Input inCtx="true" scadeName="Input1" scadeType="int32" targetName="Input1_NumericToFloat32_1_int32" targetType="kcg_int32"/>
          <Output inCtx="true" scadeName="Output1" scadeType="float32" targetName="Output1_NumericToFloat32_1_int32" targetType="kcg_float32"/>
          <Local inCtx="true" scadeName="_L1" scadeType="int32" targetName="_L1_NumericToFloat32_1_int32" targetType="kcg_int32"/>
          <Local inCtx="true" scadeName="_L2" scadeType="float32" targetName="_L2_NumericToFloat32_1_int32" targetType="kcg_float32"/>
        </NodeInlining>
        <OutCtxType targetName="outC_LCF_Calculation_Math_Operators"/>
      </NoExpNode>
      <NoExpNode headerFile="negativespeedcorrection_Math_Operators.h" scadeName="negativespeedcorrection" targetCycleFct="negativespeedcorrection_Math_Operators" targetInitFct="negativespeedcorrection_reset_Math_Operators" targetInitializationFct="negativespeedcorrection_init_Math_Operators">
        <Input scadeName="unitBraking" scadeType="float32" targetName="unitBraking" targetType="kcg_float32"/>
        <Input scadeName="speed" scadeType="float32" targetName="speed" targetType="kcg_float32"/>
        <Output inCtx="true" scadeName="outbraking" scadeType="float32" targetName="outbraking" targetType="kcg_float32"/>
        <Local inCtx="true" scadeName="_L1" scadeType="float32" targetName="_L1" targetType="kcg_float32"/>
        <Local inCtx="true" scadeName="_L2" scadeType="float32" targetName="_L2" targetType="kcg_float32"/>
        <Local inCtx="true" scadeName="_L3" scadeType="float32" targetName="_L3" targetType="kcg_float32"/>
        <Local inCtx="true" scadeName="_L4" scadeType="float32" targetName="_L4" targetType="kcg_float32"/>
        <Local inCtx="true" scadeName="_L6" scadeType="bool" targetName="_L6" targetType="kcg_bool"/>
        <OutCtxType targetName="outC_negativespeedcorrection_Math_Operators"/>
      </NoExpNode>
      <NoExpNode headerFile="Shift_Array_Math_Operators.h" scadeName="Shift_Array" targetCycleFct="Shift_Array_Math_Operators" targetInitFct="Shift_Array_reset_Math_Operators" targetInitializationFct="Shift_Array_init_Math_Operators">
        <Input scadeName="InputArray" scadeType="float32^(5)" targetName="InputArray" targetType="array_float32_5"/>
        <Output inCtx="true" scadeName="OutputArray" scadeType="float32^(5)" targetName="OutputArray" targetType="array_float32_5"/>
        <Local inCtx="true" scadeName="_L15" scadeType="float32^(5)" targetName="_L15" targetType="array_float32_5"/>
        <Local inCtx="true" scadeName="_L22" scadeType="float32^(4)" targetName="_L22" targetType="array_float32_4"/>
        <Local inCtx="true" scadeName="_L23" scadeType="float32^(5)" targetName="_L23" targetType="array_float32_5"/>
        <Local inCtx="true" scadeName="_L24" scadeType="float32^(1)" targetName="_L24" targetType="array_float32_1"/>
        <OutCtxType targetName="outC_Shift_Array_Math_Operators"/>
      </NoExpNode>
      <NoExpNode headerFile="TrainConfiguration0_Math_Operators.h" scadeName="TrainConfiguration0" targetCycleFct="TrainConfiguration0_Math_Operators" targetInitFct="TrainConfiguration0_reset_Math_Operators" targetInitializationFct="TrainConfiguration0_init_Math_Operators">
        <Input scadeName="Scalar_Traction_force" scadeType="float32" targetName="Scalar_Traction_force" targetType="kcg_float32"/>
        <Input scadeName="Scalar_DynamicBrakingForce" scadeType="float32" targetName="Scalar_DynamicBrakingForce" targetType="kcg_float32"/>
        <Input scadeName="Scalar_Speed" scadeType="float32" targetName="Scalar_Speed" targetType="kcg_float32"/>
        <Input scadeName="Scalar_Acceleration" scadeType="float32" targetName="Scalar_Acceleration" targetType="kcg_float32"/>
        <Input scadeName="Holding_brakestatus" scadeType="bool" targetName="Holding_brakestatus" targetType="kcg_bool"/>
        <Input scadeName="brakelinepressure" scadeType="float32" targetName="brakelinepressure" targetType="kcg_float32"/>
        <Output inCtx="true" scadeName="Traction_force_Array" scadeType="float32^(5)" targetName="Traction_force_Array" targetType="array_float32_5"/>
        <Output inCtx="true" scadeName="Braking_force_Array" scadeType="float32^(5)" targetName="Braking_force_Array" targetType="array_float32_5"/>
        <Output inCtx="true" scadeName="Speed_Array" scadeType="float32^(5)" targetName="Speed_Array" targetType="array_float32_5"/>
        <Output inCtx="true" scadeName="Accelartion_Array" scadeType="float32^(5)" targetName="Accelartion_Array" targetType="array_float32_5"/>
        <Output inCtx="true" scadeName="Mass_Array" scadeType="int32^(5)" targetName="Mass_Array" targetType="array_int32_5"/>
        <Output inCtx="true" scadeName="brakelinepressurearray" scadeType="float32^(5)" targetName="brakelinepressurearray" targetType="array_float32_5"/>
        <Output inCtx="true" scadeName="holdingbrakestatus" scadeType="bool^(5)" targetName="holdingbrakestatus" targetType="array_bool_5"/>
        <Local inCtx="true" scadeName="_L1" scadeType="float32" targetName="_L1" targetType="kcg_float32"/>
        <Local inCtx="true" scadeName="_L2" scadeType="float32" targetName="_L2" targetType="kcg_float32"/>
        <Local inCtx="true" scadeName="_L5" scadeType="float32^(5)" targetName="_L5" targetType="array_float32_5"/>
        <Local inCtx="true" scadeName="_L4" scadeType="float32^(1)" targetName="_L4" targetType="array_float32_1"/>
        <Local inCtx="true" scadeName="_L3" scadeType="float32^(4)" targetName="_L3" targetType="array_float32_4"/>
        <Local inCtx="true" scadeName="_L8" scadeType="float32^(5)" targetName="_L8" targetType="array_float32_5"/>
        <Local inCtx="true" scadeName="_L7" scadeType="float32^(1)" targetName="_L7" targetType="array_float32_1"/>
        <Local inCtx="true" scadeName="_L6" scadeType="float32^(4)" targetName="_L6" targetType="array_float32_4"/>
        <Local inCtx="true" scadeName="_L9" scadeType="float32" targetName="_L9" targetType="kcg_float32"/>
        <Local inCtx="true" scadeName="_L10" scadeType="float32" targetName="_L10" targetType="kcg_float32"/>
        <Local inCtx="true" scadeName="_L13" scadeType="int32^(1)" targetName="_L13" targetType="array_int32_1"/>
        <Local inCtx="true" scadeName="_L12" scadeType="float32^(5)" targetName="_L12" targetType="array_float32_5"/>
        <Local inCtx="true" scadeName="_L11" scadeType="float32^(5)" targetName="_L11" targetType="array_float32_5"/>
        <Local inCtx="true" scadeName="_L14" scadeType="float32" targetName="_L14" targetType="kcg_float32"/>
        <Local inCtx="true" scadeName="_L15" scadeType="float32" targetName="_L15" targetType="kcg_float32"/>
        <Local inCtx="true" scadeName="_L17" scadeType="int32" targetName="_L17" targetType="kcg_int32"/>
        <Local inCtx="true" scadeName="_L18" scadeType="int32^(5)" targetName="_L18" targetType="array_int32_5"/>
        <Local inCtx="true" scadeName="_L19" scadeType="int32^(4)" targetName="_L19" targetType="array_int32_4"/>
        <Local inCtx="true" scadeName="_L20" scadeType="int32" targetName="_L20" targetType="kcg_int32"/>
        <Local inCtx="true" scadeName="_L28" scadeType="bool" targetName="_L28" targetType="kcg_bool"/>
        <Local inCtx="true" scadeName="_L33" scadeType="bool^(1)" targetName="_L33" targetType="array_bool_1"/>
        <Local inCtx="true" scadeName="_L32" scadeType="bool^(5)" targetName="_L32" targetType="array_bool_5"/>
        <Local inCtx="true" scadeName="_L31" scadeType="bool^(4)" targetName="_L31" targetType="array_bool_4"/>
        <Local inCtx="true" scadeName="_L35" scadeType="bool" targetName="_L35" targetType="kcg_bool"/>
        <Local inCtx="true" scadeName="_L37" scadeType="float32" targetName="_L37" targetType="kcg_float32"/>
        <Local inCtx="true" scadeName="_L44" scadeType="float32^(5)" targetName="_L44" targetType="array_float32_5"/>
        <Local inCtx="true" scadeName="_L41" scadeType="float32^(4)" targetName="_L41" targetType="array_float32_4"/>
        <Local inCtx="true" scadeName="_L40" scadeType="float32^(1)" targetName="_L40" targetType="array_float32_1"/>
        <OutCtxType targetName="outC_TrainConfiguration0_Math_Operators"/>
      </NoExpNode>
      <NoExpNode headerFile="Sum_of_Forces_Math_Operators.h" scadeName="Sum_of_Forces" targetCycleFct="Sum_of_Forces_Math_Operators" targetInitFct="Sum_of_Forces_reset_Math_Operators" targetInitializationFct="Sum_of_Forces_init_Math_Operators">
        <Input scadeName="Traction_forces_Array" scadeType="float32^(5)" targetName="Traction_forces_Array" targetType="array_float32_5"/>
        <Input scadeName="Braking_forces_Array" scadeType="float32^(5)" targetName="Braking_forces_Array" targetType="array_float32_5"/>
        <Output inCtx="true" scadeName="Sum_of_traction_forces" scadeType="float32" targetName="Sum_of_traction_forces" targetType="kcg_float32"/>
        <Output inCtx="true" scadeName="Sum_of_Braking_forces" scadeType="float32" targetName="Sum_of_Braking_forces" targetType="kcg_float32"/>
        <Local inCtx="true" scadeName="_L1" scadeType="float32" targetName="_L1" targetType="kcg_float32"/>
        <Local inCtx="true" scadeName="_L2" scadeType="float32" targetName="_L2" targetType="kcg_float32"/>
        <Local inCtx="true" scadeName="_L4" scadeType="float32" targetName="_L4" targetType="kcg_float32"/>
        <Local inCtx="true" scadeName="_L5" scadeType="float32" targetName="_L5" targetType="kcg_float32"/>
        <Local inCtx="true" scadeName="_L6" scadeType="float32^(5)" targetName="_L6" targetType="array_float32_5"/>
        <Local inCtx="true" scadeName="_L7" scadeType="float32^(5)" targetName="_L7" targetType="array_float32_5"/>
        <OutCtxType targetName="outC_Sum_of_Forces_Math_Operators"/>
      </NoExpNode>
      <NoExpNode headerFile="T_B_Lever_Math_Operators.h" scadeName="T_B_Lever" targetCycleFct="T_B_Lever_Math_Operators" targetInitFct="T_B_Lever_reset_Math_Operators" targetInitializationFct="T_B_Lever_init_Math_Operators">
        <Input scadeName="LeverInput" scadeType="float32" targetName="LeverInput" targetType="kcg_float32"/>
        <Output inCtx="true" scadeName="TractionForce" scadeType="float32" targetName="TractionForce" targetType="kcg_float32"/>
        <Output inCtx="true" scadeName="BrakingFroce" scadeType="float32" targetName="BrakingFroce" targetType="kcg_float32"/>
        <Local inCtx="true" scadeName="_L19" scadeType="float32" targetName="_L19" targetType="kcg_float32"/>
        <Local inCtx="true" scadeName="_L20" scadeType="bool" targetName="_L20" targetType="kcg_bool"/>
        <Local inCtx="true" scadeName="_L23" scadeType="float32" targetName="_L23" targetType="kcg_float32"/>
        <Local inCtx="true" scadeName="_L24" scadeType="float32" targetName="_L24" targetType="kcg_float32"/>
        <Local inCtx="true" scadeName="_L25" scadeType="float32" targetName="_L25" targetType="kcg_float32"/>
        <Local inCtx="true" scadeName="_L27" scadeType="float32" targetName="_L27" targetType="kcg_float32"/>
        <Local inCtx="true" scadeName="_L37" scadeType="float32" targetName="_L37" targetType="kcg_float32"/>
        <Local inCtx="true" scadeName="_L40" scadeType="float32" targetName="_L40" targetType="kcg_float32"/>
        <Local inCtx="true" scadeName="_L41" scadeType="float32" targetName="_L41" targetType="kcg_float32"/>
        <NodeInstance instName="2" refName="ForceGradient_Math_Operators" scadeName="Math_Operators::ForceGradient">
          <OutCtxVar targetName="Context_ForceGradient_2"/>
        </NodeInstance>
        <NodeInstance instName="3" refName="ForceGradient_Math_Operators" scadeName="Math_Operators::ForceGradient">
          <OutCtxVar targetName="Context_ForceGradient_3"/>
        </NodeInstance>
        <OutCtxType targetName="outC_T_B_Lever_Math_Operators"/>
      </NoExpNode>
      <NoExpNode headerFile="ForceGradient_Math_Operators.h" scadeName="ForceGradient" targetCycleFct="ForceGradient_Math_Operators" targetInitFct="ForceGradient_reset_Math_Operators" targetInitializationFct="ForceGradient_init_Math_Operators">
        <Input scadeName="Input" scadeType="float32" targetName="Input" targetType="kcg_float32"/>
        <Output inCtx="true" scadeName="Output1" scadeType="float32" targetName="Output1" targetType="kcg_float32"/>
        <Local inCtx="true" scadeName="_L1" scadeType="float32" targetName="_L1" targetType="kcg_float32"/>
        <Local inCtx="true" scadeName="_L2" scadeType="bool" targetName="_L2" targetType="kcg_bool"/>
        <Local inCtx="true" scadeName="_L3" scadeType="float32" targetName="_L3" targetType="kcg_float32"/>
        <Local inCtx="true" scadeName="_L4" scadeType="float32" targetName="_L4" targetType="kcg_float32"/>
        <Local inCtx="true" scadeName="_L5" scadeType="float32" targetName="_L5" targetType="kcg_float32"/>
        <Local inCtx="true" scadeName="_L6" scadeType="float32" targetName="_L6" targetType="kcg_float32"/>
        <Local inCtx="true" scadeName="_L7" scadeType="float32" targetName="_L7" targetType="kcg_float32"/>
        <Local inCtx="true" scadeName="_L8" scadeType="float32" targetName="_L8" targetType="kcg_float32"/>
        <Local inCtx="true" scadeName="_L9" scadeType="float32" targetName="_L9" targetType="kcg_float32"/>
        <Local inCtx="true" scadeName="_L10" scadeType="float32" targetName="_L10" targetType="kcg_float32"/>
        <Local inCtx="true" scadeName="_L11" scadeType="float32" targetName="_L11" targetType="kcg_float32"/>
        <Local inCtx="true" scadeName="_L12" scadeType="float32" targetName="_L12" targetType="kcg_float32"/>
        <Local inCtx="true" scadeName="_L13" scadeType="float32" targetName="_L13" targetType="kcg_float32"/>
        <Local inCtx="true" scadeName="_L14" scadeType="bool" targetName="_L14" targetType="kcg_bool"/>
        <Local inCtx="true" scadeName="_L15" scadeType="float32" targetName="_L15" targetType="kcg_float32"/>
        <InitOp instName="1"/>
        <PreOp instName="1"/>
        <Init inCtx="true" targetName="init" targetType="kcg_bool"/>
        <Memory inCtx="true" targetName="_L5" targetType="kcg_float32"/>
        <OutCtxType targetName="outC_ForceGradient_Math_Operators"/>
      </NoExpNode>
    </Package>
    <Package scadeName="External_forces">
      <NoExpNode headerFile="Resistance_force_External_forces.h" scadeName="Resistance_force" targetCycleFct="Resistance_force_External_forces" targetInitFct="Resistance_force_reset_External_forces" targetInitializationFct="Resistance_force_init_External_forces">
        <Input scadeName="Current_speed" scadeType="float32" targetName="Current_speed" targetType="kcg_float32"/>
        <Input scadeName="Mass" scadeType="float32" targetName="Mass" targetType="kcg_float32"/>
        <Output inCtx="true" scadeName="Total_resistance" scadeType="float32" targetName="Total_resistance" targetType="kcg_float32"/>
        <Local inCtx="true" scadeName="_L1" scadeType="float32" targetName="_L1" targetType="kcg_float32"/>
        <Local inCtx="true" scadeName="_L4" scadeType="float32" targetName="_L4" targetType="kcg_float32"/>
        <Local inCtx="true" scadeName="_L5" scadeType="float32" targetName="_L5" targetType="kcg_float32"/>
        <Local inCtx="true" scadeName="_L6" scadeType="float32" targetName="_L6" targetType="kcg_float32"/>
        <Local inCtx="true" scadeName="_L7" scadeType="float32" targetName="_L7" targetType="kcg_float32"/>
        <Local inCtx="true" scadeName="_L8" scadeType="float32" targetName="_L8" targetType="kcg_float32"/>
        <NodeInstance instName="1" refName="F_Airdrag_External_forces" scadeName="External_forces::F_Airdrag">
          <OutCtxVar targetName="Context_F_Airdrag_1"/>
        </NodeInstance>
        <NodeInstance instName="1" refName="F_gradient_External_forces" scadeName="External_forces::F_gradient">
          <OutCtxVar targetName="Context_F_gradient_1"/>
        </NodeInstance>
        <NodeInstance instName="1" refName="Friction_force_External_forces" scadeName="External_forces::Friction_force">
          <OutCtxVar targetName="Context_Friction_force_1"/>
        </NodeInstance>
        <OutCtxType targetName="outC_Resistance_force_External_forces"/>
      </NoExpNode>
      <NoExpNode headerFile="F_Airdrag_External_forces.h" scadeName="F_Airdrag" targetCycleFct="F_Airdrag_External_forces" targetInitFct="F_Airdrag_reset_External_forces" targetInitializationFct="F_Airdrag_init_External_forces">
        <Input scadeName="Train_Speed" scadeType="float32" targetName="Train_Speed" targetType="kcg_float32"/>
        <Output inCtx="true" scadeName="F_Air" scadeType="float32" targetName="F_Air" targetType="kcg_float32"/>
        <Local inCtx="true" scadeName="_L1" scadeType="float32" targetName="_L1" targetType="kcg_float32"/>
        <Local inCtx="true" scadeName="_L2" scadeType="float32" targetName="_L2" targetType="kcg_float32"/>
        <Local inCtx="true" scadeName="_L3" scadeType="float32" targetName="_L3" targetType="kcg_float32"/>
        <Local inCtx="true" scadeName="_L4" scadeType="float32" targetName="_L4" targetType="kcg_float32"/>
        <Local inCtx="true" scadeName="_L5" scadeType="float32" targetName="_L5" targetType="kcg_float32"/>
        <Local inCtx="true" scadeName="_L6" scadeType="float32" targetName="_L6" targetType="kcg_float32"/>
        <Local inCtx="true" scadeName="_L7" scadeType="float32" targetName="_L7" targetType="kcg_float32"/>
        <NodeInstance instName="1" refName="Square_mathext_float32" scadeName="mathext::Square">
          <OutCtxVar targetName="Context_Square_1"/>
        </NodeInstance>
        <OutCtxType targetName="outC_F_Airdrag_External_forces"/>
      </NoExpNode>
      <NoExpNode headerFile="F_gradient_External_forces.h" scadeName="F_gradient" targetCycleFct="F_gradient_External_forces" targetInitFct="F_gradient_reset_External_forces" targetInitializationFct="F_gradient_init_External_forces">
        <Input scadeName="Mass" scadeType="float32" targetName="Mass" targetType="kcg_float32"/>
        <Output inCtx="true" scadeName="F_Gradient" scadeType="float32" targetName="F_Gradient" targetType="kcg_float32"/>
        <Local inCtx="true" scadeName="_L5" scadeType="float32" targetName="_L5" targetType="kcg_float32"/>
        <Local inCtx="true" scadeName="_L2" scadeType="float32" targetName="_L2" targetType="kcg_float32"/>
        <Local inCtx="true" scadeName="_L3" scadeType="float32" targetName="_L3" targetType="kcg_float32"/>
        <Local inCtx="true" scadeName="_L7" scadeType="float32" targetName="_L7" targetType="kcg_float32"/>
        <Local inCtx="true" scadeName="_L8" scadeType="float32" targetName="_L8" targetType="kcg_float32"/>
        <NodeInstance instName="1" refName="SinR32_mathext_mathextimpl" scadeName="mathext::mathextimpl::SinR32"/>
        <OutCtxType targetName="outC_F_gradient_External_forces"/>
      </NoExpNode>
      <NoExpNode headerFile="Friction_force_External_forces.h" scadeName="Friction_force" targetCycleFct="Friction_force_External_forces" targetInitFct="Friction_force_reset_External_forces" targetInitializationFct="Friction_force_init_External_forces">
        <Input scadeName="Mass" scadeType="float32" targetName="Mass" targetType="kcg_float32"/>
        <Output inCtx="true" scadeName="Friction_Force" scadeType="float32" targetName="Friction_Force" targetType="kcg_float32"/>
        <Local inCtx="true" scadeName="_L4" scadeType="float32" targetName="_L4" targetType="kcg_float32"/>
        <Local inCtx="true" scadeName="_L3" scadeType="float32" targetName="_L3" targetType="kcg_float32"/>
        <Local inCtx="true" scadeName="_L1" scadeType="float32" targetName="_L1" targetType="kcg_float32"/>
        <Local inCtx="true" scadeName="_L6" scadeType="float32" targetName="_L6" targetType="kcg_float32"/>
        <Local inCtx="true" scadeName="_L7" scadeType="float32" targetName="_L7" targetType="kcg_float32"/>
        <Local inCtx="true" scadeName="_L10" scadeType="float32" targetName="_L10" targetType="kcg_float32"/>
        <NodeInstance instName="1" refName="CosR32_mathext_mathextimpl" scadeName="mathext::mathextimpl::CosR32"/>
        <OutCtxType targetName="outC_Friction_force_External_forces"/>
      </NoExpNode>
    </Package>
    <Package scadeName="mathext">
      <Package scadeName="mathextimpl">
        <NoExpNode headerFile="kcg_imported_functions.h" imported="true" scadeName="SinR32" targetCycleFct="SinR32_mathext_mathextimpl">
          <Input scadeName="i" scadeType="float32" targetName="i" targetType="kcg_float32"/>
          <Output scadeName="o" scadeType="float32" targetName="o" targetType="kcg_float32"/>
        </NoExpNode>
        <NoExpNode headerFile="kcg_imported_functions.h" imported="true" scadeName="CosR32" targetCycleFct="CosR32_mathext_mathextimpl">
          <Input scadeName="i" scadeType="float32" targetName="i" targetType="kcg_float32"/>
          <Output scadeName="o" scadeType="float32" targetName="o" targetType="kcg_float32"/>
        </NoExpNode>
      </Package>
      <NoExpNode headerFile="Square_mathext_float32.h" scadeName="Square" targetCycleFct="Square_mathext_float32" targetInitFct="Square_reset_mathext_float32" targetInitializationFct="Square_init_mathext_float32">
        <Input scadeName="Square_In" scadeType="float32" targetName="Square_In_float32" targetType="kcg_float32"/>
        <Output inCtx="true" scadeName="Square_Out" scadeType="float32" targetName="Square_Out_float32" targetType="kcg_float32"/>
        <Local inCtx="true" scadeName="_L1" scadeType="float32" targetName="_L1_float32" targetType="kcg_float32"/>
        <Local inCtx="true" scadeName="_L2" scadeType="float32" targetName="_L2_float32" targetType="kcg_float32"/>
        <OutCtxType targetName="outC_Square_mathext_float32"/>
      </NoExpNode>
    </Package>
    <Package scadeName="Brakes">
      <NoExpNode headerFile="Holding_brake_Brakes.h" scadeName="Holding_brake" targetCycleFct="Holding_brake_Brakes" targetInitFct="Holding_brake_reset_Brakes" targetInitializationFct="Holding_brake_init_Brakes">
        <Input scadeName="HoldingBrakeStatus" scadeType="bool" targetName="HoldingBrakeStatus" targetType="kcg_bool"/>
        <Output inCtx="true" scadeName="AppliedHoldingBrakeForce" scadeType="float32" targetName="AppliedHoldingBrakeForce" targetType="kcg_float32"/>
        <Local inCtx="true" scadeName="Max_HoldingBrakeForce" scadeType="float32" targetName="Max_HoldingBrakeForce" targetType="kcg_float32"/>
        <Local inCtx="true" scadeName="_L1" scadeType="float32" targetName="_L1" targetType="kcg_float32"/>
        <Local inCtx="true" scadeName="_L2" scadeType="float32" targetName="_L2" targetType="kcg_float32"/>
        <Local inCtx="true" scadeName="_L3" scadeType="float32" targetName="_L3" targetType="kcg_float32"/>
        <Local inCtx="true" scadeName="_L4" scadeType="float32" targetName="_L4" targetType="kcg_float32"/>
        <Local inCtx="true" scadeName="_L5" scadeType="float32" targetName="_L5" targetType="kcg_float32"/>
        <Local inCtx="true" scadeName="_L6" scadeType="float32" targetName="_L6" targetType="kcg_float32"/>
        <Local inCtx="true" scadeName="_L7" scadeType="bool" targetName="_L7" targetType="kcg_bool"/>
        <Local inCtx="true" scadeName="_L10" scadeType="float32" targetName="_L10" targetType="kcg_float32"/>
        <Local inCtx="true" scadeName="_L11" scadeType="float32" targetName="_L11" targetType="kcg_float32"/>
        <Local inCtx="true" scadeName="_L12" scadeType="float32" targetName="_L12" targetType="kcg_float32"/>
        <Local inCtx="true" scadeName="_L13" scadeType="float32" targetName="_L13" targetType="kcg_float32"/>
        <Local inCtx="true" scadeName="_L14" scadeType="float32" targetName="_L14" targetType="kcg_float32"/>
        <Local inCtx="true" scadeName="_L15" scadeType="float32" targetName="_L15" targetType="kcg_float32"/>
        <Local inCtx="true" scadeName="_L17" scadeType="float32" targetName="_L17" targetType="kcg_float32"/>
        <Local inCtx="true" scadeName="_L18" scadeType="bool" targetName="_L18" targetType="kcg_bool"/>
        <Local inCtx="true" scadeName="_L19" scadeType="float32" targetName="_L19" targetType="kcg_float32"/>
        <Local inCtx="true" scadeName="_L20" scadeType="bool" targetName="_L20" targetType="kcg_bool"/>
        <Local inCtx="true" scadeName="_L21" scadeType="float32" targetName="_L21" targetType="kcg_float32"/>
        <Local inCtx="true" scadeName="_L22" scadeType="float32" targetName="_L22" targetType="kcg_float32"/>
        <NodeInlining instName="2" scadeName="math::NumericToFloat32">
          <Input inCtx="true" scadeName="Input1" scadeType="int32" targetName="Input1_NumericToFloat32_2_int32" targetType="kcg_int32"/>
          <Output inCtx="true" scadeName="Output1" scadeType="float32" targetName="Output1_NumericToFloat32_2_int32" targetType="kcg_float32"/>
          <Local inCtx="true" scadeName="_L1" scadeType="int32" targetName="_L1_NumericToFloat32_2_int32" targetType="kcg_int32"/>
          <Local inCtx="true" scadeName="_L2" scadeType="float32" targetName="_L2_NumericToFloat32_2_int32" targetType="kcg_float32"/>
        </NodeInlining>
        <PreOp instName="1"/>
        <InitOp instName="1"/>
        <PreOp instName="2"/>
        <Init inCtx="true" targetName="init" targetType="kcg_bool"/>
        <Memory inCtx="true" targetName="_L15" targetType="kcg_float32"/>
        <OutCtxType targetName="outC_Holding_brake_Brakes"/>
      </NoExpNode>
      <NoExpNode headerFile="Pneumaticbrakes_Brakes.h" scadeName="Pneumaticbrakes" targetCycleFct="Pneumaticbrakes_Brakes" targetInitFct="Pneumaticbrakes_reset_Brakes" targetInitializationFct="Pneumaticbrakes_init_Brakes">
        <Input scadeName="BrakePipePressure" scadeType="float32" targetName="BrakePipePressure" targetType="kcg_float32"/>
        <Input scadeName="Mass" scadeType="int32" targetName="Mass" targetType="kcg_int32"/>
        <Output inCtx="true" scadeName="AppliedPneumaticBrakingforce" scadeType="float32" targetName="AppliedPneumaticBrakingforce" targetType="kcg_float32"/>
        <Local inCtx="true" scadeName="Brakepressure" scadeType="float32" targetName="Brakepressure" targetType="kcg_float32"/>
        <Local inCtx="true" scadeName="_L1" scadeType="float32" targetName="_L1" targetType="kcg_float32"/>
        <Local inCtx="true" scadeName="_L2" scadeType="bool" targetName="_L2" targetType="kcg_bool"/>
        <Local inCtx="true" scadeName="_L3" scadeType="float32" targetName="_L3" targetType="kcg_float32"/>
        <Local inCtx="true" scadeName="_L4" scadeType="float32" targetName="_L4" targetType="kcg_float32"/>
        <Local inCtx="true" scadeName="_L5" scadeType="bool" targetName="_L5" targetType="kcg_bool"/>
        <Local inCtx="true" scadeName="_L6" scadeType="float32" targetName="_L6" targetType="kcg_float32"/>
        <Local inCtx="true" scadeName="_L7" scadeType="float32" targetName="_L7" targetType="kcg_float32"/>
        <Local inCtx="true" scadeName="_L8" scadeType="float32" targetName="_L8" targetType="kcg_float32"/>
        <Local inCtx="true" scadeName="_L9" scadeType="float32" targetName="_L9" targetType="kcg_float32"/>
        <Local inCtx="true" scadeName="_L11" scadeType="float32" targetName="_L11" targetType="kcg_float32"/>
        <Local inCtx="true" scadeName="_L12" scadeType="float32" targetName="_L12" targetType="kcg_float32"/>
        <Local inCtx="true" scadeName="_L15" scadeType="float32" targetName="_L15" targetType="kcg_float32"/>
        <Local inCtx="true" scadeName="_L16" scadeType="float32" targetName="_L16" targetType="kcg_float32"/>
        <Local inCtx="true" scadeName="_L17" scadeType="int32" targetName="_L17" targetType="kcg_int32"/>
        <Local inCtx="true" scadeName="_L18" scadeType="float32" targetName="_L18" targetType="kcg_float32"/>
        <Local inCtx="true" scadeName="_L19" scadeType="float32" targetName="_L19" targetType="kcg_float32"/>
        <NodeInlining instName="2" scadeName="math::NumericToFloat32">
          <Input inCtx="true" scadeName="Input1" scadeType="int32" targetName="Input1_NumericToFloat32_2_int32" targetType="kcg_int32"/>
          <Output inCtx="true" scadeName="Output1" scadeType="float32" targetName="Output1_NumericToFloat32_2_int32" targetType="kcg_float32"/>
          <Local inCtx="true" scadeName="_L1" scadeType="int32" targetName="_L1_NumericToFloat32_2_int32" targetType="kcg_int32"/>
          <Local inCtx="true" scadeName="_L2" scadeType="float32" targetName="_L2_NumericToFloat32_2_int32" targetType="kcg_float32"/>
        </NodeInlining>
        <OutCtxType targetName="outC_Pneumaticbrakes_Brakes"/>
      </NoExpNode>
    </Package>
    <ArrayType cellType="kcg_int32" size="4" targetCompFct="kcg_comp_array_int32_4" targetCopyFct="kcg_copy_array_int32_4" targetName="array_int32_4"/>
    <ArrayType cellType="kcg_int32" size="1" targetCompFct="kcg_comp_array_int32_1" targetCopyFct="kcg_copy_array_int32_1" targetName="array_int32_1"/>
    <ArrayType cellType="kcg_int32" size="5" targetCompFct="kcg_comp_array_int32_5" targetCopyFct="kcg_copy_array_int32_5" targetName="array_int32_5"/>
    <ArrayType cellType="kcg_float32" size="4" targetCompFct="kcg_comp_array_float32_4" targetCopyFct="kcg_copy_array_float32_4" targetName="array_float32_4"/>
    <ArrayType cellType="kcg_float32" size="1" targetCompFct="kcg_comp_array_float32_1" targetCopyFct="kcg_copy_array_float32_1" targetName="array_float32_1"/>
    <StructType targetCompFct="kcg_comp_LCF_Data" targetCopyFct="kcg_copy_LCF_Data" targetName="LCF_Data">
      <Field scadeName="LCF_Values" scadeType="array_float32_5" targetName="LCF_Values" targetType="array_float32_5"/>
    </StructType>
    <ArrayType cellType="kcg_float32" size="5" targetCompFct="kcg_comp_array_float32_5" targetCopyFct="kcg_copy_array_float32_5" targetName="array_float32_5"/>
    <ArrayType cellType="kcg_bool" size="1" targetCompFct="kcg_comp_array_bool_1" targetCopyFct="kcg_copy_array_bool_1" targetName="array_bool_1"/>
    <ArrayType cellType="kcg_bool" size="5" targetCompFct="kcg_comp_array_bool_5" targetCopyFct="kcg_copy_array_bool_5" targetName="array_bool_5"/>
    <ArrayType cellType="kcg_bool" size="4" targetCompFct="kcg_comp_array_bool_4" targetCopyFct="kcg_copy_array_bool_4" targetName="array_bool_4"/>
    <PredefType scadeName="int8" targetName="kcg_int8"/>
    <PredefType scadeName="int16" targetName="kcg_int16"/>
    <PredefType scadeName="int32" targetName="kcg_int32"/>
    <PredefType scadeName="int64" targetName="kcg_int64"/>
    <PredefType scadeName="uint8" targetName="kcg_uint8"/>
    <PredefType scadeName="uint16" targetName="kcg_uint16"/>
    <PredefType scadeName="uint32" targetName="kcg_uint32"/>
    <PredefType scadeName="uint64" targetName="kcg_uint64"/>
    <PredefType scadeName="size" targetName="kcg_size"/>
    <PredefType scadeName="float32" targetName="kcg_float32"/>
    <PredefType scadeName="float64" targetName="kcg_float64"/>
    <PredefType scadeName="bool" targetName="kcg_bool"/>
    <PredefType scadeName="char" targetName="kcg_char"/>
  </Model>
